Country,Total Population Male,Total Population Female,Total Population Both,Life Expectancy Male,Life Expectancy Female,Life Expectancy Both ,Healthy Life Expectancy Male,Healthy Life Expectancy Female,Healthy Life Expectancy Both ,Maternal Mortality Ratio,Prop Births Skilled,Mortality Rate < 5,Neonatal Mortality Rate,New HIV,TB Incidence ,Malaria Incidence,HepB age < 5,NTD Reported,Prob Death CVD+ ,Suicide Rate,Total Alcohol > 14,Road Mortality,Family Planning,Ad Birth Rate 15-19,Ad Birth Rate 10-14,Univ Health Care,Health care 10 > expend,Health care 25 > expend,Air Pollut Mortality,WASH Mortality,Poison Mortality,Tobacco Use < 15,DPT3 Immuno ,MCV2 immuno,PCV3 immuno,HPV immuno,Research Health ,Medicine Affordable ,Doctor Density,Density Nursing,Density Dentist,Density Pharmacist,Health Reg Score,MRSA,Ecoli,Gov Expend Health,Stunting < 5,Wasting < 5,Overweight < 5,Anaemia Women 15-49,Violence Girls Partner 15-49,Violence Girls Partner Lifetime,Water Safe,Sanitation Service,Hand Washing,Water Treated,Dev Expend Mil,Clean Fuel Tech,Pollution Urban,Homicide Mortality,Polio Cases,Hypertension 30-79,Obesity 5-19,Obesity Adults
Afghanistan,19 976,18 952,38 928,63.3,63.2,63.2,54.7,53.2,53.9,638,62,58,35,0.04,193,8.4,0.39,14 367 281,35.3,4.1,<0.1,15.9,42.2,62.0,0.2,37,23.8,5.6,211.1,13.9,1.0,23.3,70,43,68,-,6.15,-,2.5,4.5,0.7,0.3,41,-,-,3.9,35.1,5.1,3.9,42.6,35,46,28,-,38,-,140.29,33,63.6,8.5,1,40.2,3.1,5.5
Albania,1 465,1 413,2 878,76.3,79.9,78.0,68.0,70.3,69.1,15,100,10,8,0.03,15,-,0.29,  6,11.4,4.3,6.8,11.7,6.3,14.2,0.3,62,16.7,5.0,68.0,0.2,0.3,22.4,98,94,92,-,2.03,-,18.8,60.5,10.3,10.8,-,-,-,-,9.6,1.6,14.6,24.8,6,13,71,48,-,13,48.53,81,19.3,3.6,0,41.8,7.6,21.7
Algeria,22 154,21 697,43 851,76.2,78.1,77.1,66.7,66.1,66.4,112,99,23,16,0.04,59,-,0.08, 11 599,13.9,2.5,0.6,20.9,77.2,12.0,0.0,75,-,-,49.7,1.9,0.7,21.0,-,-,-,-,1.26,-,17.2,15.5,3.7,4.5,77,-,-,10.7,9.3,2.7,12.9,33.3,-,-,72,18,85,76,3.01,100,34.1,1.7,0,36.2,13.5,27.4
Andorra,-,-, 77,-,-,-,-,-,-,-,100,3,1,-,3,-,0.02,  0,-,-,12.3,-,-,2.7,0.0,77,-,-,-,-,-,31.8,99,93,96,77,-,-,33.3,40.1,8.2,10.1,-,-,-,16.5,-,-,-,12.1,-,-,91,100,-,100,-,100,9.5,-,-,31.0,12.8,25.6
Angola,16 261,16 605,32 866,60.7,65.5,63.1,53.6,56.2,54.8,241,50,71,27,0.69,350,251.6,4.57,7 698 802,22.2,6.1,7.8,26.1,29.8,163.0,10.7,39,35.5,12.5,118.5,48.8,2.0,-,51,41,47,-,1.06,-,2.1,4.1,0.5,0.7,40,-,-,5.4,37.7,4.9,3.5,44.5,25,38,-,-,27,-,4.61,50,40.3,9.2,0,38.7,2.4,8.2
Antigua and Barbuda, 47, 51, 98,74.9,78.0,76.5,66.2,67.7,67.0,42,99,6,3,-,2,-,0.19, 1 207,17.5,0.4,9.4,0.0,-,30.4,0.3,72,-,-,29.9,0.1,0.7,-,96,78,-,-,0.41,-,27.7,90.8,0.4,-,52,-,-,11.3,-,-,-,17.2,-,-,-,-,-,-,<0.01,100,21.1,2.4,0,42.6,11.5,18.9
Argentina,22 049,23 147,45 196,73.5,79.5,76.6,65.4,68.8,67.1,39,99,9,5,0.13,31,-,0.01, 161 306,15.7,8.4,9.5,14.1,-,40.9,1.1,73,9.6,2.5,26.6,0.4,0.4,24.5,74,71,75,46,0.04,-,40.6,26.0,15.3,-,65,38,21,15.5,7.8,1.6,12.9,11.9,5,27,-,-,-,36,32.58,100,12.3,6.1,0,47.5,16.9,28.3
Armenia,1 394,1 569,2 963,72.5,79.2,76.0,64.9,69.1,67.1,26,100,11,6,0.11,23,-,0.06,  70,19.9,3.3,4.7,20,40.2,18.9,0.0,69,21.0,7.1,54.8,0.2,0.7,25.5,91,94,92,8,3.21,-,44.0,49.5,5.6,0.5,84,-,-,5.7,9.1,4.4,10.8,17.3,5,10,87,69,95,40,15.27,98,45.5,3.8,0,47.3,4.8,20.2
Australia,12 699,12 801,25 500,81.3,84.8,83.0,70.2,71.7,70.9,6,99,4,2,0.03,7,-,0.13, 20 401,8.6,12.5,10.4,4.9,-,8.7,0.1,87,2.5,0.4,8.4,<0.1,0.1,13.6,95,94,97,66,-,-,41.3,131.4,6.2,9.0,88,18,13,16.2,2.1,-,18.5,8.5,3,23,-,74,-,76,-,100,7.3,1.0,0,29.3,12.4,29.0
Austria,4 440,4 567,9 006,79.4,83.8,81.6,69.9,71.9,70.9,5,98,4,2,-,5,-,0.16,  22,10.4,14.6,11.9,4.9,-,5.2,0.0,82,-,-,15.3,0.1,0.2,26.4,85,84,-,-,-,-,52.9,105.6,5.7,7.2,71,5,9,15.7,-,-,-,13.0,4,15,99,100,-,99,-,100,12.9,0.5,0,33.8,8.6,20.1
Azerbaijan,5 065,5 075,10 139,68.8,74.1,71.4,62.1,65.2,63.6,26,100,19,10,0.04,58,-,0.06, 686 000,27.2,4.1,1,6.7,-,42.2,0.0,65,-,-,63.9,1.1,0.9,24.0,79,79,79,-,0.59,-,31.7,64.3,2.7,2.0,-,-,-,3.9,16.3,3.2,9.4,35.1,5,14,88,-,-,57,48.60,97,23.2,2.5,0,41.0,4.9,19.9
Bahamas, 191, 202, 393,69.9,76.6,73.2,62.3,66.5,64.4,70,99,12,7,0.28,9,-,0.16,  3,19.9,3.5,4.8,7.7,-,29.0,0.3,70,-,-,19.9,<0.1,0.2,10.6,83,83,83,4,-,-,19.4,45.7,2.6,-,55,-,-,15.3,-,-,-,14.5,-,-,-,-,-,-,-,100,17.7,38.1,0,44.5,17.3,31.6
Bahrain,1 100, 601,1 702,75.0,77.0,75.8,66.0,65.5,65.9,14,100,7,3,-,13,-,0.03,  2,16.1,8.9,1.1,5.2,-,12.5,0.0,71,4.9,1.4,40.1,<0.1,0.3,14.9,98,99,99,-,-,-,9.3,24.9,1.0,1.6,80,34,59,7.2,5.1,-,6.4,35.4,-,-,99,91,-,96,-,100,63.3,0.3,0,38.7,17.2,29.8
Bangladesh,83 259,81 430,164 689,73.0,75.6,74.3,64.2,64.4,64.3,173,59,29,17,-,218,0.4,0.51,56 339 394,18.9,3.7,0,15.3,77.4,74.0,0.9,51,24.4,8.4,149.0,11.9,0.3,34.7,98,93,99,-,2.81,-,6.7,4.9,0.7,1.8,67,0,71,3.0,30.2,9.8,2.1,36.7,23,50,59,39,58,16,273.85,25,64.1,2.8,0,28.8,2.6,3.6
Barbados, 139, 148, 287,74.3,77.7,76.0,66.2,67.7,67.0,27,98,12,8,-,2,-,0.18,  301,16,0.6,10.4,8.2,69.9,-,-,74,16.4,3.8,31.1,0.2,0.7,8.5,85,78,86,7,-,-,24.9,30.6,3.1,-,-,-,-,10.6,6.6,6.8,11.4,17.0,-,-,-,-,-,-,-,100,25.4,11.3,0,41.8,12.3,23.1
Belarus,4 399,5 050,9 449,69.7,79.6,74.8,62.3,69.4,66.0,2,100,3,1,0.13,26,-,0.29,  7,23.8,21.2,11,7.6,73,11.7,0.0,74,13.5,0.6,60.7,<0.1,3.3,30.5,97,98,-,-,0.38,-,45.4,110.0,6.2,3.6,94,-,-,11.0,3.9,-,6.8,20.6,6,21,95,74,-,56,0.32,100,18.1,2.7,0,49.2,7.6,24.5
Belgium,5 744,5 845,11 590,79.3,83.5,81.4,69.8,71.3,70.6,5,-,4,2,-,8,-,0.09,  18,10.6,18.3,10.8,5.8,-,5.1,0.0,85,-,-,15.7,0.3,0.4,23.4,97,85,94,-,-,-,60.8,200.8,11.0,19.8,-,7,10,15.7,2.3,0.4,5.1,13.6,5,22,100,89,-,92,-,100,12.8,1.3,0,30.0,7.0,22.1
Belize, 198, 200, 398,71.4,77.8,74.4,63.5,67.3,65.3,36,95,12,8,0.53,23,0.0,0.6, 2 785,16.5,7.1,6.4,22.6,64.9,55.4,1.0,67,6.2,3.1,68.6,1.0,0.4,8.5,79,87,-,11,3.71,-,10.8,23.4,1.4,6.8,46,-,-,12.2,13.3,1.8,8.0,20.5,8,24,-,-,90,-,0.37,82,20.7,37.3,0,38.0,12.2,24.1
Benin,6 054,6 069,12 123,61.2,65.7,63.4,54.5,56.6,55.5,397,78,86,30,0.19,55,388.3,2.87,5 599 018,22.6,7.8,2.2,26.8,28,108.0,1.8,38,5.5,1.0,205.0,59.7,2.6,6.9,72,-,68,-,5.80,-,0.6,3.0,<0.1,0.3,39,-,-,3.7,31.3,5.0,2.2,55.2,15,26,-,-,12,-,42.54,4,38.8,6.2,0,31.2,2.6,9.6
Bhutan, 410, 362, 772,72.0,74.4,73.1,63.2,63.5,63.4,183,96,28,15,0.09,165,<0.1,0.14, 229 837,18.5,4.6,0.2,16.2,-,8.0,0.0,62,4.0,1.8,124.5,3.9,0.2,-,95,92,90,81,21.11,-,5.0,20.8,0.9,0.7,43,12,54,10.4,22.4,-,5.2,38.6,9,22,37,65,92,41,12.38,80,36.9,2.4,0,43.4,3.3,6.4
Bolivia (Plurinational State of),5 858,5 815,11 673,71.1,73.1,72.1,63.2,63.3,63.3,155,81,25,13,0.08,105,3.1,0.14, 189 597,17.9,6.2,3.9,21.1,50.3,71.0,-,67,4.6,0.8,63.7,5.6,0.6,12.7,68,46,68,24,2.28,23.1,10.3,15.6,1.8,2.2,56,-,-,13.7,12.7,2.0,8.8,24.4,18,42,-,53,27,58,110.47,86,27.3,9.5,0,28.3,9.1,20.2
Bosnia and Herzegovina,1 607,1 674,3 281,74.4,79.1,76.8,65.7,68.7,67.2,10,100,6,4,-,26,-,0.63,  0,18.7,10.9,7.8,13.5,21.9,10.1,0.0,65,8.2,1.4,79.8,<0.1,0.4,35.0,-,-,-,-,4.46,-,21.6,57.3,2.4,1.3,-,23,24,15.4,9.1,2.3,12.8,24.4,3,12,89,-,-,47,22.22,45,30.7,1.5,0,44.2,5.4,17.9
Botswana,1 139,1 213,2 352,58.9,65.5,62.2,51.9,55.8,53.9,144,100,45,22,4.39,236,1.1,0.18,1 461 240,27,16.1,6.6,26.4,-,53.3,0.3,54,-,-,101.3,11.8,1.8,19.4,95,66,90,-,3.08,-,3.8,54.6,0.7,2.2,34,-,-,14.3,22.8,-,11.0,32.5,17,34,-,-,-,-,0.04,65,25.0,16.9,0,44.1,6.3,18.9
Brazil,104 436,108 124,212 559,72.4,79.4,75.9,63.4,67.4,65.4,60,99,15,9,0.23,45,3.9,0.03,9 629 923,15.5,6.9,7.3,16,-,49.1,2.6,75,11.8,1.9,29.9,1.0,0.1,12.8,77,44,79,72,0.17,-,23.1,74.0,6.4,6.8,87,-,-,10.5,6.1,-,7.3,16.1,6,23,86,49,-,33,24.44,96,11.8,32.6,0,45.0,10.8,22.1
Brunei Darussalam, 227, 210, 437,73.4,75.4,74.3,65.2,66.1,65.6,31,100,12,6,-,83,-,0.1,  1,18.5,2.7,0.5,7.5,-,9.9,-,77,-,-,13.3,<0.1,<0.1,16.2,99,97,-,86,-,-,16.1,59.0,2.5,1.7,-,13,17,6.8,12.7,-,9.3,16.7,-,-,-,-,-,-,-,100,7.4,0.7,0,46.4,14.1,14.1
Bulgaria,3 374,3 574,6 948,71.6,78.6,75.1,63.9,68.7,66.3,10,100,6,3,-,19,-,0.09,  96,24.2,9.7,12.5,9.2,-,39.3,1.5,70,21.3,3.1,61.8,0.1,0.5,39.0,91,84,85,2,-,-,42.1,47.9,14.0,8.4,72,-,-,11.6,6.4,6.3,5.7,23.6,6,19,98,72,-,79,-,-,21.1,1.2,0,45.2,10.8,25.0
Burkina Faso,10 445,10 459,20 903,60.1,65.2,62.7,53.4,56.3,54.9,320,80,85,26,0.1,46,389.9,1.66,5 815 599,23.9,7.5,11,31,52.6,123.7,2.6,43,3.1,0.4,206.2,49.6,3.1,14.3,91,71,91,-,6.34,0.0,0.9,9.3,<0.1,0.2,54,100,64,9.6,25.5,8.1,2.6,52.5,11,19,-,-,9,-,82.80,11,54.2,9.6,0,30.5,1.0,5.6
Burundi,5 900,5 991,11 891,61.5,66.1,63.8,54.0,57.2,55.6,548,85,54,21,0.15,103,294.9,1.35,3 575 616,25,6.2,7.5,35.5,39.6,58.2,0.7,44,3.3,0.4,179.9,65.4,3.2,11.8,93,83,93,-,8.09,0.0,0.7,6.5,<0.1,0.1,38,-,-,8.5,57.6,4.8,3.1,38.5,22,40,-,-,6,-,41.98,<1,37.2,6.6,0,34.2,1.9,5.4
Cabo Verde, 279, 277, 556,69.9,77.9,74.0,62.2,67.2,64.8,58,97,14,9,-,39,0.0,0.26, 150 015,17.4,12.9,6.4,26.8,-,57.4,1.0,69,-,-,99.5,4.1,0.4,11.4,93,86,-,-,9.76,-,8.3,13.0,2.2,3.2,57,-,-,10.4,9.7,-,-,24.3,11,19,-,-,-,-,5.88,81,62.0,13.4,0,44.1,3.1,11.8
Cambodia,8 162,8 557,16 719,67.2,72.7,70.1,59.8,63.0,61.5,160,89,26,13,0.07,274,5.8,0.19,5 194 507,22.5,4.8,7.8,19.6,56.5,30.0,0.1,61,17.9,4.9,149.8,6.5,0.5,21.1,92,80,90,-,10.71,-,1.9,10.1,0.9,0.3,57,68,74,7.0,29.9,9.7,2.1,47.1,9,19,28,-,74,-,197.73,37,27.2,2.1,0,25.7,3.2,3.9
Cameroon,13 277,13 269,26 546,60.3,64.5,62.4,53.5,55.6,54.5,529,69,72,26,0.6,174,260.0,1.75,11 348 320,23.9,9,5.5,30.2,44.9,122.2,2.9,44,10.7,1.8,208.1,45.2,2.6,7.3,69,28,69,-,3.73,-,1.3,3.6,0.1,<0.1,41,-,-,0.6,27.2,4.3,9.6,40.6,22,39,-,-,36,-,82.22,22,64.3,6.4,0,36.8,2.8,11.4
Canada,18 732,19 010,37 742,80.4,84.1,82.2,70.5,72.0,71.3,10,98,5,3,-,6,-,0.34,  0,9.6,11.8,8.8,5.3,-,6.5,0.1,89,3.5,0.8,7.0,0.4,0.3,13.0,91,83,84,87,-,-,24.4,110.7,6.6,11.1,97,-,-,18.6,-,-,11.8,10.4,3,-,99,84,-,77,-,100,6.7,1.6,0,22.1,12.3,29.4
Central African Republic,2 394,2 436,4 830,50.2,56.3,53.1,44.5,48.4,46.4,829,40,103,39,-,540,336.0,3.75,4 442 825,36,12.3,1.7,37.7,27.6,184.4,8.0,32,-,-,211.9,82.1,2.8,-,42,-,40,-,9.21,-,0.7,2.6,<0.1,<0.1,31,-,-,4.8,40.1,5.3,2.6,46.8,21,29,6,14,22,<1,15.31,<1,42.9,21.3,0,41.3,2.2,7.5
Chad,8 200,8 226,16 426,58.0,61.3,59.6,51.3,52.8,52.0,1140,39,110,33,0.22,144,206.3,10.79,6 562 501,22.7,6.4,1.3,32.4,17.5,138.5,3.9,28,-,-,280.1,101.0,3.5,8.3,52,-,-,-,5.11,-,0.6,2.0,<0.1,<0.1,40,-,-,5.2,35.0,12.9,3.4,45.4,16,29,6,10,25,2,30.00,7,66.8,9.0,0,37.9,1.5,6.1
Chile,9 426,9 691,19 116,78.1,83.2,80.7,69.0,71.1,70.0,13,100,7,4,0.26,15,-,0.03,  16,10,9,8.9,14.9,-,22.6,0.6,80,14.6,2.1,25.3,0.2,0.4,29.2,93,83,89,74,-,36.4,28.4,43.5,14.0,6.1,72,-,-,18.1,1.6,0.3,9.8,8.7,6,21,99,79,-,91,-,100,26.3,3.9,0,36.1,15.2,28.0
China,741 999,705 471,1447 470,74.7,80.5,77.4,67.2,70.0,68.5,29,100,7,3,-,59,-,0.22,  621,15.9,8.1,6,17.4,-,6.1,-,82,24.0,9.2,112.7,0.6,1.8,25.6,99,99,-,-,0.06,-,22.3,30.8,4.5,3.2,94,-,-,8.8,4.7,1.9,8.3,15.5,8,19,-,70,-,65,103.62,79,48.8,0.8,0,27.3,11.7,6.2
Colombia,24 985,25 898,50 883,76.7,81.9,79.3,67.4,70.5,69.0,83,99,13,7,0.18,37,9.4,0.15,3 237 824,9.7,3.9,5.5,15.4,86.6,52.6,2.2,78,8.2,2.2,37.0,0.8,0.1,8.5,88,88,89,34,0.40,8.3,23.3,14.6,10.5,1.8,69,-,-,16.9,11.5,1.6,5.8,21.2,12,30,73,18,68,21,23.88,93,19.0,38.3,0,31.0,7.0,22.3
Comoros, 439, 431, 870,65.9,68.9,67.4,58.3,59.6,58.9,273,82,61,29,0.01,35,5.2,1.16, 503 090,20.6,5.4,1.1,26.6,28.8,38.0,-,44,8.8,1.6,172.4,50.7,2.4,20.3,87,-,-,-,17.56,-,2.6,14.8,0.4,0.7,41,-,-,4.1,22.6,11.2,9.6,33.8,8,16,-,-,-,-,0.34,8,15.5,7.4,0,33.2,2.8,7.8
Congo,2 757,2 761,5 518,63.8,65.6,64.7,56.4,56.1,56.2,378,91,45,19,1.94,379,213.2,2.56,1 438 750,22.6,6.5,9.2,29.7,43.2,111.3,2.5,40,-,-,130.7,38.7,1.3,14.5,73,29,71,-,3.67,0.0,1.0,9.7,<0.1,0.3,51,-,-,3.5,18.0,8.2,5.1,48.8,-,-,46,-,-,-,33.86,35,44.4,10.0,0,39.8,2.0,9.6
Cook Islands,-,-, 18,-,-,-,-,-,-,-,-,7,4,-,13,-,0.1,  0,-,-,10.9,-,-,41.9,0.3,54,-,-,-,-,-,24.0,-,-,-,-,-,-,14.1,80.0,3.4,0.6,-,-,-,7.9,-,-,-,27.1,14,33,-,-,-,-,-,76,-,-,-,42.6,32.2,55.9
Costa Rica,2 545,2 549,5 094,78.3,83.4,80.8,68.6,71.3,70.0,27,99,8,6,0.34,10,<0.1,0.02, 10 590,9.5,8.1,4.1,14.8,80.8,33.3,1.3,78,7.4,1.1,23.3,0.9,0.1,8.8,95,93,95,77,0.95,-,33.0,38.0,11.5,11.9,67,-,-,24.1,8.6,1.8,8.1,13.7,7,27,81,30,86,23,3.87,96,18.6,12.6,0,37.8,12.3,25.7
Côte d'Ivoire,13 300,13 078,26 378,60.5,65.8,62.9,53.4,56.5,54.8,617,74,78,33,0.24,135,287.0,3.44,21 966 154,21.7,8.9,3,24.1,43.5,118.8,5.0,45,12.4,3.4,269.1,47.2,2.5,9.4,80,-,79,13,6.51,-,1.6,6.6,0.1,0.4,20,72,90,5.5,17.8,6.1,2.8,50.9,16,27,35,-,22,-,15.04,32,58.5,11.5,0,37.3,3.4,10.3
Croatia,1 979,2 126,4 105,75.5,81.6,78.6,66.7,70.5,68.6,8,100,5,3,0.02,7,-,0.12,  0,16.1,16.4,8.7,7.9,-,8.8,0.1,73,-,-,35.5,0.1,0.4,36.9,94,91,-,-,-,-,34.7,81.2,12.2,7.2,75,50,18,12.1,-,-,-,21.0,4,13,-,68,-,60,-,100,17.8,1.1,0,48.4,10.9,24.4
Cuba,5 623,5 703,11 327,75.4,80.3,77.8,66.6,69.2,67.8,36,100,5,2,0.18,6,-,0.03, 48 144,16.6,14.5,6.3,8.9,86.9,51.1,1.3,80,-,-,49.5,1.0,0.2,17.9,99,98,-,-,0.97,-,84.2,75.6,16.7,-,95,-,-,15.9,7.0,2.0,10.0,19.3,5,14,-,37,92,24,15.94,94,22.7,5.1,0,39.9,11.4,24.6
Cyprus, 604, 604,1 207,81.1,85.1,83.1,71.8,73.0,72.4,6,99,3,2,-,6,-,0.34,  1,8.2,3.6,10.8,5.8,-,6.7,0.0,79,14.7,1.6,20.1,0.3,0.3,35.1,-,-,-,-,-,-,31.4,52.5,8.0,6.5,63,50,52,9.9,-,-,-,13.6,3,16,100,77,-,67,-,100,15.6,1.3,0,30.8,12.2,21.8
Czechia,5 273,5 436,10 709,76.3,81.9,79.1,67.0,70.6,68.8,3,100,3,2,-,4,-,0.13,  3,14.3,12.2,14.3,5.9,-,9.9,0.1,78,-,-,29.6,0.2,0.4,30.7,97,90,-,-,-,-,41.5,89.3,7.3,7.2,-,9,13,15.4,2.5,-,6.6,21.1,4,22,98,85,-,90,-,100,15.8,0.6,0,41.6,9.7,26.0
Democratic People's Republic of Korea,12 608,13 170,25 779,69.3,75.7,72.6,63.3,66.6,65.0,89,100,16,9,-,523,0.2,0.2,5 337 343,23.9,9.4,4.2,24.2,89.6,1.0,-,68,-,-,207.2,1.4,1.4,17.4,97,99,-,-,0.36,-,36.8,44.5,2.2,4.0,77,-,-,-,18.2,2.5,1.9,33.9,-,-,66,-,-,-,0.16,12,39.7,4.2,0,26.5,8.5,6.8
Democratic Republic of the Congo,44 710,44 851,89 561,60.0,64.8,62.4,52.8,55.4,54.1,473,85,81,27,0.18,319,324.2,3.28,54 963 277,24,6.7,1.1,34.9,33,109.0,3.4,39,4.8,0.6,163.9,59.8,2.0,12.8,57,-,58,-,6.70,-,3.8,11.1,<0.1,0.2,43,-,-,4.4,40.8,6.4,4.2,42.4,36,47,19,13,19,12,71.51,4,43.4,12.8,0,34.3,2.2,6.7
Denmark,2 879,2 913,5 792,79.6,83.0,81.3,70.7,71.4,71.0,4,95,4,3,0.02,5,-,0.68,  0,10.8,10.7,10.1,3.7,-,1.6,0.0,85,-,-,13.2,0.3,<0.1,17.5,97,90,96,70,-,-,42.2,105.4,7.2,5.4,95,2,7,16.8,-,-,-,12.2,3,23,97,92,-,96,-,100,10.1,1.1,0,35.9,7.2,19.7
Djibouti, 519, 469, 988,64.1,67.8,65.8,57.2,58.9,58.0,248,87,56,30,0.13,224,97.6,0.26, 110 561,22,9.6,0.4,23.5,-,-,-,48,1.5,0.3,159.0,31.3,2.5,-,70,60,70,-,14.02,-,2.2,7.3,0.2,2.3,41,0,0,4.3,34.0,21.5,7.2,32.3,-,-,-,37,-,11,26.43,10,38.2,6.6,0,34.2,5.3,13.5
Dominica,-,-, 72,-,-,-,-,-,-,-,100,35,30,-,47,-,0.2,  399,-,-,7.2,-,-,-,-,67,-,-,-,-,-,-,97,90,-,69,13.42,-,11.0,61.0,1.1,-,63,-,-,7.6,-,-,-,20.8,-,-,-,-,-,-,0.62,89,21.6,-,-,47.7,15.0,27.9
Dominican Republic,5 418,5 430,10 848,69.8,76.2,72.8,62.1,66.1,64.0,95,99,34,23,0.32,41,0.2,0.1,2 612 634,19.1,4.9,6.7,64.6,81.7,51.0,0.8,66,8.2,0.9,43.0,2.2,0.4,10.6,82,55,69,7,0.84,-,14.5,14.6,2.3,1.2,65,-,-,16.3,5.9,2.4,7.6,26.4,10,19,-,-,47,-,191.97,92,16.5,17.8,0,49.1,15.0,27.6
Ecuador,8 824,8 819,17 643,76.4,80.5,78.4,67.7,69.3,68.5,59,97,13,7,0.12,48,3.8,0.09, 17 609,11,7.6,3.3,20.1,79.4,58.4,2.2,80,10.3,2.4,24.5,0.6,0.3,11.3,70,70,76,36,0.67,50.0,22.2,25.1,3.0,0.4,66,-,-,13.3,23.1,3.7,9.8,17.2,8,33,67,42,87,31,61.99,94,19.7,7.0,0,27.2,9.4,19.9
Egypt,51 703,50 632,102 334,69.6,74.1,71.8,62.3,63.7,63.0,37,92,19,10,0.03,11,-,0.2,2 932 815,28,3,0.1,10.1,80,46.9,0.5,70,31.1,6.1,108.9,2.0,0.2,24.3,94,94,-,-,0.33,-,7.5,19.3,2.0,4.6,86,100,90,4.7,22.3,9.5,17.8,28.3,15,30,-,67,90,46,365.28,100,73.0,4.1,0,38.2,17.6,32.0
El Salvador,3 036,3 450,6 486,70.6,79.1,75.0,61.6,67.8,64.9,46,100,13,6,0.13,55,-,0.02,1 416 732,10.7,6,4.1,20.9,80,51.8,2.0,76,1.7,0.3,41.9,2.0,0.2,7.9,72,56,78,-,2.00,-,28.7,18.3,8.7,6.5,94,-,-,16.9,11.2,2.1,6.6,10.6,6,21,-,-,-,13,278.09,92,29.3,85.0,0,32.7,11.7,24.6
Equatorial Guinea, 780, 623,1 403,60.9,63.6,62.2,53.4,54.1,53.9,301,-,78,29,-,280,240.8,6.07, 429 326,22.1,7.9,6.9,27.2,-,-,-,43,-,-,177.7,22.3,1.6,-,53,-,-,-,0.59,-,4.0,3.1,-,<0.1,34,-,-,3.9,19.7,-,9.3,44.5,29,46,-,-,-,-,<0.01,24,45.0,3.3,0,38.1,2.3,8.0
Eritrea,1 778,1 769,3 546,61.3,67.1,64.1,53.9,57.7,55.7,480,-,39,18,0.07,81,44.8,1.02, 296 052,26.8,10.9,2.1,37.9,-,-,-,50,-,-,173.7,45.6,3.3,7.5,95,85,95,-,6.18,-,0.8,14.4,0.5,1.3,41,-,-,2.4,49.1,-,2.1,37.0,-,-,-,-,-,-,1.93,9,35.4,11.0,0,23.7,2.1,5.0
Estonia, 628, 698,1 327,74.7,82.6,78.9,66.4,71.7,69.2,9,100,2,<1,0.16,10,-,0.29,  1,14.9,14.9,10.8,4.5,-,8.5,0.1,78,-,-,25.0,<0.1,0.6,29.7,91,87,-,55,-,-,34.7,66.1,9.8,7.2,-,-,-,12.9,1.2,1.5,5.7,21.7,4,21,96,93,-,91,-,100,6.7,2.1,0,40.2,6.3,21.2
Eswatini, 570, 590,1 160,53.4,63.2,57.7,47.1,53.8,50.1,437,88,47,20,5.28,319,0.7,0.83, 406 184,35.2,29.4,8.8,33.5,82.9,87.1,1.2,58,5.0,1.3,137.0,27.9,3.3,9.2,83,70,83,-,3.24,-,1.4,25.1,0.2,0.4,41,2,-,10.0,22.6,2.0,9.7,30.7,18,-,-,-,24,18,10.12,55,19.8,18.5,0,42.5,6.0,16.5
Ethiopia,57 517,57 447,114 964,66.9,70.5,68.7,59.0,60.8,59.9,401,50,49,27,0.12,132,54.1,1.59,75 731 040,17.1,5.4,2.2,28.2,63.6,73.5,0.5,38,2.1,0.3,144.4,43.7,3.3,5.1,71,46,67,76,3.17,-,1.1,7.8,<0.1,0.5,72,60,67,4.8,35.3,7.2,2.6,23.9,27,37,13,7,8,-,155.09,8,31.1,7.2,0,27.4,1.1,4.5
Fiji, 454, 442, 896,65.9,70.3,68.0,58.5,60.7,59.6,34,100,27,12,0.16,66,-,0.13, 921 225,37.7,9,3.7,13.5,-,23.1,0.1,61,-,-,99.0,2.9,0.3,23.1,99,94,99,89,13.73,-,8.6,39.6,1.2,1.1,54,-,-,8.3,7.5,-,5.2,32.0,23,52,-,-,-,-,2.61,51,11.1,2.2,0,38.6,11.5,30.2
Finland,2 732,2 808,5 541,79.2,84.0,81.6,69.9,72.0,71.0,3,100,2,1,-,4,-,0.81,  3,9.6,15.3,10.7,3.9,-,4.1,0.0,83,6.7,0.7,7.2,<0.1,0.4,21.6,91,93,89,-,-,-,46.4,223.1,10.8,19.2,85,1,7,13.8,-,-,-,10.9,8,23,100,84,-,92,-,100,6.5,1.2,0,35.9,9.1,22.2
France,31 589,33 684,65 274,79.8,85.1,82.5,71.1,73.1,72.1,8,98,4,3,-,8,-,0.15,  120,10.6,13.8,12.2,5.1,-,7.5,0.1,84,-,-,9.7,0.3,0.3,33.4,-,-,-,33,-,-,32.7,117.8,6.5,10.6,86,12,10,15.1,-,-,-,10.6,5,22,99,79,-,93,-,100,12.2,0.8,0,29.1,8.1,21.6
Gabon,1 133,1 093,2 226,63.6,69.7,66.5,56.0,59.3,57.6,252,89,42,20,0.48,527,215.5,2.12, 870 003,21.3,8.4,8.1,23.9,44,91.0,-,49,3.8,0.7,76.0,20.6,1.3,-,63,-,-,-,3.13,-,6.5,21.1,0.2,1.1,33,-,-,9.6,14.4,3.4,7.4,52.4,22,41,-,-,-,-,0.80,88,41.5,8.5,0,37.4,4.2,15.0
Gambia,1 199,1 218,2 417,63.4,67.7,65.5,56.4,57.7,57.0,597,84,49,26,0.93,157,87.3,1.6, 168 211,21.1,4.8,3.4,29.6,39.7,64.8,1.1,48,0.2,<0.1,237.0,29.7,1.8,11.1,-,-,-,-,15.37,-,0.8,9.5,<0.1,<0.1,44,-,-,4.4,16.1,5.1,2.3,49.5,10,25,45,29,18,11,1.83,2,58.4,8.3,0,37.6,2.8,10.3
Georgia,1 901,2 088,3 989,68.8,77.8,73.3,61.4,67.9,64.7,25,100,9,5,0.17,70,-,0.06,  81,24.9,9.2,9.5,12.4,50.5,27.3,0.0,65,31.2,9.7,101.8,0.2,0.6,31.7,88,77,82,22,1.99,-,51.1,55.5,6.2,0.9,63,20,44,9.4,5.7,0.6,7.6,27.5,3,10,66,34,92,46,35.27,89,27.0,2.3,0,44.5,6.8,21.7
Germany,41 416,42 368,83 784,78.7,84.8,81.7,69.7,72.1,70.9,7,96,4,2,0.03,6,-,0.21,  116,12.1,12.3,12.8,3.8,-,6.9,0.1,86,-,-,16.0,0.6,0.3,22.0,93,93,83,43,-,-,44.3,141.9,8.5,6.6,85,6,10,20.1,1.6,0.3,4.1,11.7,5,21,100,97,-,99,-,100,11.8,0.9,0,29.7,8.9,22.3
Ghana,15 750,15 323,31 073,63.7,69.2,66.3,56.5,59.6,58.0,308,79,45,23,0.63,143,162.8,2.13,17 220 101,22.5,6.6,2.8,25.7,40.4,78.0,0.7,45,1.3,0.1,203.8,18.8,1.7,3.5,94,79,95,-,4.09,12.5,1.7,36.2,0.2,0.4,46,-,64,6.5,14.2,6.8,2.9,35.4,10,24,41,13,42,12,69.51,22,55.6,6.1,0,33.9,2.1,10.9
Greece,5 116,5 307,10 423,78.6,83.6,81.1,69.9,71.9,70.9,3,100,4,2,0.09,5,-,0.14,  41,12.5,5.1,10.5,8.3,-,8.7,0.4,78,16.9,1.6,27.6,<0.1,0.2,33.5,99,83,96,-,-,-,63.1,37.3,12.9,10.9,71,41,25,7.9,2.2,-,13.9,15.1,5,18,100,92,-,93,-,100,15.0,1.0,0,31.3,13.8,24.9
Grenada, 57, 56, 113,70.6,75.3,72.9,62.6,65.4,63.9,25,100,16,11,-,3,-,0.12,  253,23.3,0.7,9,8,-,35.9,1.1,70,-,-,45.3,0.3,<0.1,-,72,79,-,32,9.26,-,14.4,62.8,2.0,6.8,-,-,-,9.4,-,-,-,19.2,8,28,-,-,-,-,5.23,89,23.1,6.6,0,46.6,10.7,21.3
Guatemala,8 827,9 088,17 916,69.0,75.0,72.0,60.5,64.1,62.3,95,70,24,11,0.05,27,<0.1,0.03,5 052 069,16.5,5.9,1.6,22.9,66.1,63.3,1.7,57,11.4,3.8,73.8,6.3,1.6,10.9,83,79,86,20,1.45,-,12.4,22.4,2.5,1.2,45,-,-,17.6,42.8,0.8,5.1,7.4,7,21,56,-,-,-,8.59,50,30.9,25.1,0,32.2,9.9,21.2
Guinea,6 353,6 780,13 133,59.5,62.3,61.0,52.9,53.7,53.3,576,55,96,30,0.42,179,319.5,6.07,8 180 533,24.9,7,1.1,29.7,37.7,120.0,4.4,37,7.0,1.2,243.3,44.6,2.3,-,47,-,-,-,5.40,12.5,2.2,5.8,<0.1,0.2,47,-,-,6.2,29.4,9.2,5.7,48.0,21,37,-,-,20,-,10.66,2,53.8,8.8,0,40.9,1.7,7.7
Guinea-Bissau, 963,1 005,1 968,57.4,63.0,60.2,51.1,54.1,52.6,667,54,77,35,0.88,361,88.9,2.11,1 892 353,24.9,7,5.5,32.2,60,84.0,1.6,37,-,-,214.7,35.3,2.3,9.0,74,-,74,-,15.44,-,2.0,7.9,<0.1,<0.1,46,-,-,2.8,28.0,6.4,3.4,48.1,-,-,24,12,18,21,2.21,1,55.0,9.0,0,38.0,2.4,9.5
Guyana, 396, 391, 787,62.5,69.4,65.7,55.1,59.7,57.2,169,98,28,17,0.43,79,28.2,0.4, 685 741,29.2,40.3,5.3,22.3,51.5,64.9,1.3,74,-,-,107.8,3.6,<0.1,12.1,99,97,89,25,1.99,-,14.2,35.3,0.7,0.6,93,-,-,10.3,9.0,6.4,6.6,31.7,10,31,-,-,-,-,2.45,81,26.8,24.7,0,40.0,10.0,20.2
Haiti,5 626,5 776,11 403,63.3,64.8,64.1,55.9,55.8,55.8,480,42,60,25,0.45,168,3.7,1.04,4 363 545,31.3,9.6,3,18.8,45.4,54.8,1.3,47,11.5,4.0,184.3,23.8,1.4,7.7,51,41,51,-,6.25,-,2.3,4.0,0.2,0.3,54,-,-,5.4,20.4,3.7,3.7,47.7,12,23,-,-,22,-,30.18,4,19.5,20.7,0,42.9,10.9,22.7
Honduras,4 949,4 956,9 905,70.7,73.2,71.9,62.7,63.3,63.0,65,94,16,9,0.07,30,0.1,0.03,2 210 111,18.7,2.1,3.9,16.1,76,97.1,2.5,63,-,-,60.7,3.6,0.5,-,80,79,80,47,7.17,-,5.0,7.3,0.3,-,58,-,-,11.1,19.9,1.4,5.7,18.0,7,17,-,50,-,-,64.60,48,25.4,66.9,0,33.9,9.6,21.4
Hungary,4 598,5 062,9 660,73.1,79.6,76.4,65.0,69.3,67.2,12,100,4,2,-,5,-,0.9,  1,22.1,16.6,11.1,7.7,-,21.1,0.2,73,-,-,38.8,0.2,0.5,31.8,99,99,99,-,-,-,60.6,69.2,7.4,8.4,68,-,-,9.4,-,-,-,19.7,6,19,93,88,-,90,-,100,16.7,1.4,0,48.3,11.1,26.4
Iceland, 171, 170, 341,80.8,83.9,82.3,71.7,72.3,72.0,4,97,2,<1,0.04,3,-,0.15,  0,8.7,11.9,9.2,2,-,4.4,0.0,87,-,-,8.7,0.1,1.0,12.0,93,93,93,91,-,-,41.4,167.8,8.5,6.1,76,-,-,16.4,-,-,-,10.3,3,21,100,84,-,73,-,100,5.8,1.2,0,27.5,9.9,21.9
India,717 101,662 903,1380 004,69.5,72.2,70.8,60.3,60.4,60.3,145,89,33,20,0.04,188,3.2,0.16,751 758 629,21.9,12.7,5.6,15.6,72.8,12.2,0.2,61,17.3,6.5,184.3,18.6,0.3,27.2,85,81,21,-,0.26,-,7.4,17.5,1.6,8.7,84,65,87,3.4,30.9,17.3,1.9,53.0,18,35,-,46,68,27,305.48,68,78.2,3.8,0,31.1,2.0,3.9
Indonesia,137 718,135 806,273 524,69.4,73.3,71.3,61.9,63.8,62.8,177,95,23,12,0.1,301,2.9,1.3,86 492 939,24.8,2.4,0.2,11.3,77,36.0,0.3,59,4.5,0.9,112.4,7.1,0.3,37.6,77,49,4,7,0.50,-,6.2,39.5,1.2,0.9,64,36,76,8.7,31.8,10.2,11.1,31.2,9,22,-,-,94,-,185.28,84,20.7,4.3,0,40.3,6.1,6.9
Iran (Islamic Republic of),42 408,41 585,83 993,75.7,79.1,77.3,66.0,66.5,66.3,16,99,13,8,0.03,13,0.0,0.05,  5,14.8,5.2,1,21.5,-,27.6,0.5,77,15.3,3.5,50.9,1.0,1.0,13.6,99,98,-,-,0.27,-,15.8,20.8,4.5,2.9,86,44,69,21.4,6.3,-,9.4,24.1,18,31,94,-,-,22,1.09,96,33.7,3.1,0,26.2,9.8,25.8
Iraq,20 358,19 865,40 223,69.9,75.0,72.4,61.6,63.7,62.7,79,96,25,14,-,27,-,0.29,2 170 486,23.5,3.6,0.4,27.3,53.7,70.0,1.6,55,3.7,0.9,75.1,3.0,0.2,18.5,74,93,0,-,1.98,-,9.7,23.9,3.5,4.1,46,86,95,6.0,11.6,3.0,9.0,28.6,-,26,60,43,97,37,69.87,99,56.4,14.4,0,48.1,14.4,30.4
Ireland,2 451,2 486,4 938,80.2,83.5,81.8,70.7,71.4,71.1,5,100,3,2,0.08,5,-,0.04,  1,9.7,9.6,12.7,3.1,-,5.7,0.0,83,-,-,11.9,<0.1,0.3,20.8,94,-,86,77,-,-,34.9,179.8,6.7,13.7,66,14,11,20.3,-,-,-,12.1,3,16,97,83,-,83,-,100,8.5,0.8,0,32.3,9.8,25.3
Israel,4 308,4 347,8 656,80.8,84.4,82.6,72.0,72.7,72.4,3,-,4,2,-,2,-,0.05,  88,8.8,5.3,4.4,3.9,-,8.3,0.0,84,10.7,1.8,15.4,0.2,<0.1,21.2,98,96,94,55,-,-,36.3,119.9,11.7,9.9,-,-,-,12.1,-,-,-,12.9,6,-,99,95,-,93,-,100,18.6,1.2,0,29.1,11.9,26.1
Italy,29 438,31 024,60 462,80.9,84.9,83.0,71.2,72.6,71.9,2,100,3,2,0.04,7,-,0.33,  35,9,6.7,8,5.3,-,3.7,0.0,83,-,-,15.0,0.1,0.3,23.1,94,86,91,27,-,-,39.5,62.7,8.4,12.1,72,37,29,13.2,-,-,-,13.6,4,16,96,96,-,95,-,100,15.3,0.7,0,33.8,12.5,19.9
Jamaica,1 470,1 492,2 961,74.4,77.7,76.0,65.9,67.3,66.6,80,100,13,9,0.53,2,-,0.55,  824,16.9,2.4,4.2,15.1,-,51.7,0.0,70,-,-,25.4,0.6,<0.1,9.4,96,89,-,3,1.49,-,5.3,9.4,0.9,0.2,88,-,-,13.3,8.5,3.3,6.8,19.9,7,24,-,-,-,-,0.38,83,15.4,50.3,0,46.3,13.0,24.7
Japan,61 753,64 723,126 476,81.5,86.9,84.3,72.6,75.5,74.1,5,100,2,<1,0.01,12,-,0.96,  5,8.3,15.3,10.1,3.6,-,2.8,0.0,85,10.5,1.9,11.9,0.2,0.2,20.1,96,95,95,1,-,-,24.8,119.5,8.0,18.9,98,36,21,24.2,5.5,-,2.4,19.0,4,20,99,81,-,98,-,100,13.7,0.2,0,31.4,3.3,4.3
Jordan,5 166,5 037,10 203,77.0,78.8,77.9,68.1,67.2,67.6,46,100,15,9,0.01,5,-,0.56,  23,15.3,1.6,0.5,17,56.7,27.0,0.4,60,-,-,51.2,0.6,0.5,34.8,77,90,-,-,11.29,-,26.6,33.5,7.8,10.4,52,58,65,12.8,7.3,2.4,7.1,37.7,13,24,86,82,-,82,366.71,100,32.8,2.7,0,37.7,12.9,35.5
Kazakhstan,9 113,9 664,18 777,70.0,77.6,74.0,62.4,67.4,65.0,10,100,10,5,0.19,69,-,0.15,  664,22.4,17.6,5,12.7,73.2,24.6,0.0,76,2.5,0.1,62.7,0.4,1.9,23.2,88,91,89,-,0.39,-,40.7,72.9,2.9,8.1,88,-,-,8.2,6.7,3.1,8.8,28.7,6,16,89,-,-,36,0.64,93,25.6,5.1,0,41.9,6.5,21.0
Kenya,26 719,27 053,53 771,63.7,68.4,66.1,56.4,58.9,57.7,342,70,42,20,0.72,259,50.9,0.4,8 596 922,21,6.1,2.1,28.3,74.4,81.1,0.7,56,5.0,1.3,78.1,51.2,2.4,11.1,89,49,90,16,4.02,-,1.6,11.7,0.2,0.2,57,25,0,8.3,19.4,4.2,4.5,28.7,23,38,-,-,27,-,196.23,20,24.1,5.6,0,33.2,2.3,7.1
Kiribati, 59, 61, 119,56.1,62.8,59.4,50.5,54.9,52.6,92,92,50,21,-,425,-,1.57, 124 250,50.8,28.3,2.3,1.9,53.1,50.6,1.8,51,-,-,140.2,16.7,2.6,40.6,92,57,91,-,58.92,-,2.0,38.3,0.7,0.3,64,-,-,7.4,14.9,3.5,2.4,32.6,25,53,15,27,56,31,5.01,10,11.6,4.8,0,42.3,23.0,46.0
Kuwait,2 614,1 656,4 271,79.3,83.9,81.0,69.5,71.1,70.1,12,100,9,5,-,19,-,0.03,  16,11.9,2.9,0,15.4,-,6.2,0.0,70,-,-,103.8,<0.1,0.4,17.9,-,-,-,-,-,-,23.4,46.8,6.7,4.9,83,100,100,8.9,6.0,2.5,7.1,23.7,-,-,100,100,-,85,-,100,65.0,1.8,0,40.5,22.9,37.9
Kyrgyzstan,3 227,3 297,6 524,70.7,77.3,74.2,63.6,67.7,65.8,60,100,18,12,0.11,105,-,0.15,2 169 854,20.3,7.4,4.9,12.7,64.6,34.0,0.0,70,3.5,0.7,110.7,0.8,0.9,25.4,87,93,90,-,3.77,0.0,22.1,56.0,1.9,0.4,41,-,-,7.1,11.4,2.0,5.8,35.8,13,23,70,92,100,19,24.43,77,28.2,4.6,0,40.9,3.9,16.6
Lao People's Democratic Republic,3 652,3 624,7 276,66.2,70.9,68.5,59.2,61.9,60.5,185,64,44,22,0.13,149,1.5,0.68,2 052 528,26.8,5.4,12.1,17.9,72.3,83.4,2.6,50,-,-,188.5,11.3,0.6,31.8,79,47,77,-,8.61,25.3,3.5,11.9,0.8,2.3,38,50,51,4.7,30.2,9.0,3.0,39.5,8,19,18,61,56,10,73.98,8,21.8,6.6,0,28.5,4.7,5.3
Latvia, 869,1 017,1 886,70.6,79.8,75.4,62.9,69.3,66.2,19,100,4,2,-,23,-,0.27,  2,21.6,20.1,13.2,8.1,-,10.8,0.0,72,21.4,5.7,41.3,<0.1,1.2,37.0,99,94,91,57,-,-,34.0,44.3,7.1,8.7,69,14,33,10.4,-,-,-,21.6,6,25,96,83,-,93,-,100,14.4,5.0,0,43.9,7.0,23.6
Lebanon,3 436,3 390,6 825,74.0,79.2,76.4,65.1,67.0,66.0,29,-,7,4,0.03,13,-,0.07,  0,19.9,2.8,1.5,16.4,-,11.7,-,72,26.6,6.3,51.4,0.8,0.6,38.2,71,64,74,-,12.30,52.5,22.1,16.7,10.2,12.9,66,35,56,13.4,10.4,-,19.7,28.3,-,-,48,16,-,-,120.77,-,30.7,4.2,0,38.1,13.9,32.0
Lesotho,1 057,1 085,2 142,47.7,54.2,50.7,42.3,46.4,44.2,544,87,90,44,4.91,650,-,1.22, 387 421,42.7,72.4,5.1,31.9,82.8,90.8,0.1,48,-,-,177.6,44.4,5.2,24.3,87,69,87,-,2.88,-,4.7,32.6,0.2,1.9,37,-,-,8.8,32.1,2.1,7.2,27.9,16,40,29,48,6,-,9.94,40,25.8,43.5,0,40.1,5.0,16.6
Liberia,2 543,2 515,5 058,63.2,65.0,64.1,54.9,55.0,54.9,661,84,78,31,0.29,314,358.0,4.66,3 180 960,17.8,4.4,5.4,38.9,41,128.0,3.8,42,6.8,1.1,170.2,41.5,1.7,8.2,65,30,65,18,10.02,-,0.5,19.5,<0.1,2.2,54,13,40,4.0,28.0,3.4,4.7,42.6,27,43,-,-,-,-,24.50,<1,52.0,9.7,0,39.4,1.9,9.9
Libya,3 469,3 403,6 871,74.2,77.3,75.8,64.9,65.5,65.2,72,100,11,6,0.05,59,-,0.43, 4 026,18.6,4.5,<0.1,21.3,24,10.9,-,60,-,-,71.9,0.6,0.8,-,73,72,73,-,4.77,-,20.9,65.3,8.8,6.0,45,83,62,-,43.5,10.2,25.4,29.9,-,-,-,22,-,17,<0.01,-,46.4,2.1,0,42.7,14.6,32.5
Lithuania,1 260,1 462,2 722,71.2,80.4,76.0,63.4,69.7,66.7,8,100,3,2,-,29,-,0.05,  0,19.3,26.1,12.8,8.1,-,10.1,0.1,70,-,-,34.0,<0.1,1.7,32.0,91,91,83,68,-,-,50.8,100.8,14.0,12.7,82,10,16,13.2,-,-,-,19.9,5,22,95,94,-,93,-,100,11.7,4.8,0,48.0,6.8,26.3
Luxembourg, 317, 309, 626,80.6,84.2,82.4,71.1,72.0,71.6,5,-,3,2,-,6,-,0.06,  3,9.7,11.3,12.4,4.1,-,3.8,0.0,86,3.5,0.3,11.6,<0.1,0.2,21.1,99,90,96,-,-,-,30.1,121.7,9.8,7.0,60,3,11,10.9,-,-,-,10.2,4,20,99,97,-,96,-,100,10.2,0.5,0,30.5,8.3,22.6
Madagascar,13 815,13 876,27 691,64.1,66.6,65.3,56.9,57.7,57.3,335,46,50,20,0.22,238,133.5,2.13,21 390 404,26,5.5,2,29.2,65.9,150.8,6.9,35,2.9,0.6,159.6,30.2,2.1,27.8,68,24,65,-,5.52,-,2.0,3.0,0.2,0.1,46,-,-,8.0,40.2,6.4,1.5,37.8,-,-,21,10,27,9,51.14,1,17.9,6.5,0,36.9,1.8,5.3
Malawi,9 434,9 696,19 130,62.3,68.9,65.6,55.1,59.0,57.1,349,96,39,19,1.21,141,228.5,1.39,12 761 253,22.6,5.4,4.1,33.4,73.9,101.8,2.8,48,4.4,1.0,115.0,28.3,1.7,10.8,94,75,93,77,8.26,-,0.5,7.1,<0.1,<0.1,50,61,57,8.7,37.0,0.6,4.7,31.4,17,30,-,24,8,6,90.47,1,24.6,2.2,1,29.5,2.0,5.8
Malaysia,16 631,15 735,32 366,72.6,77.1,74.7,64.5,66.9,65.7,29,100,9,5,0.19,92,0.0,0.06, 19 110,18.4,5.7,0.9,22.5,-,8.6,0.1,76,1.5,0.1,47.4,0.4,0.7,22.5,98,84,-,84,0.17,-,22.9,34.8,3.1,3.5,85,17,26,8.5,20.9,9.7,6.1,32.0,-,19,94,-,-,88,0.63,96,17.1,2.7,0,40.8,12.7,15.6
Maldives, 343, 198, 541,78.6,80.8,79.6,69.7,70.0,70.0,53,100,6,4,-,37,-,0.21,  330,11.6,2.7,2.8,1.6,29.2,5.9,0.1,69,10.3,4.1,25.6,0.3,<0.1,25.2,99,96,-,68,69.47,-,20.5,46.6,0.9,6.5,49,-,-,19.1,14.2,9.1,4.6,52.2,6,19,-,-,96,-,13.68,99,10.4,1.9,0,34.1,7.4,8.6
Mali,10 145,10 106,20 251,62.2,63.4,62.8,54.8,54.5,54.6,562,67,91,32,0.27,52,357.5,4.62,7 946 641,22.3,4.1,1.3,22.7,41.2,164.0,6.8,42,2.1,<0.1,209.1,70.7,2.9,8.3,70,26,66,-,6.74,0.0,1.3,4.4,<0.1,<0.1,44,80,61,5.7,25.7,9.3,2.1,59.0,18,29,-,20,17,-,117.24,<1,63.1,10.7,0,34.6,2.6,8.6
Malta, 221, 220, 442,79.9,83.8,81.9,70.9,71.9,71.5,6,100,6,4,-,36,-,0.2,  2,10.5,6.1,8.3,4.1,-,12.0,0.1,81,15.9,2.8,20.2,<0.1,0.1,24.0,98,99,-,85,-,-,28.6,94.8,4.8,12.9,73,20,12,14.1,-,-,-,13.7,4,17,100,92,-,15,-,100,13.2,1.0,0,29.5,13.4,28.9
Marshall Islands,-,-, 59,-,-,-,-,-,-,-,92,31,14,-,483,-,0.35, 19 594,-,-,-,-,-,-,-,62,-,-,-,-,-,28.5,-,-,-,17,121.42,-,4.2,33.4,1.2,0.7,-,-,-,10.5,32.2,3.5,4.2,30.6,19,38,-,-,85,-,3.65,64,-,-,-,31.9,26.6,52.9
Mauritania,2 335,2 315,4 650,68.1,68.7,68.4,60.2,59.4,59.8,766,69,71,31,-,87,30.0,3.35, 844 271,16.1,3.1,0,25.6,30.4,84.0,8.4,40,11.7,3.0,169.5,38.6,1.5,10.7,71,-,70,-,9.77,-,1.9,9.3,0.5,0.2,34,-,-,7.0,24.2,11.5,2.7,43.3,-,-,-,-,-,-,60.00,43,78.1,10.9,0,37.9,4.0,12.7
Mauritius, 627, 644,1 272,71.0,77.3,74.1,62.0,65.9,63.9,61,100,17,11,0.8,12,-,0.41,  0,23.2,9.5,4.8,12.2,40.8,23.7,0.6,65,8.2,1.9,38.3,0.6,0.8,20.2,93,87,86,74,1.08,-,27.1,39.3,2.8,5.9,51,40,50,10.2,8.7,-,7.6,23.5,-,-,-,-,-,13,9.37,97,9.5,2.3,0,33.1,4.4,10.8
Mexico,63 071,65 861,128 933,73.1,78.9,76.0,64.3,67.2,65.8,33,97,14,8,0.16,24,0.1,0.03,20 016 375,15.6,5.3,5,12.8,79.8,70.5,0.8,74,1.6,0.2,36.7,1.1,0.4,13.1,74,78,75,5,0.07,-,24.3,28.2,1.3,-,84,-,-,10.3,12.1,1.4,6.3,15.3,10,24,43,57,-,60,1.34,85,22.8,25.4,0,32.1,14.8,28.9
Micronesia (Federated States of), 58, 57, 115,60.3,66.0,63.0,54.4,57.8,56.0,88,-,25,13,-,75,-,0.4, 70 736,46.3,28.2,2.5,0.2,-,-,-,48,-,-,151.8,3.6,0.9,-,83,62,79,37,62.23,-,9.4,21.5,-,-,43,-,-,5.4,-,-,-,25.0,21,35,-,-,-,-,1.66,13,10.8,4.6,0,32.9,20.7,45.8
Monaco,-,-, 39,-,-,-,-,-,-,-,-,3,2,-,0,-,0.15,  0,-,-,-,-,-,-,-,85,-,-,-,-,-,-,-,-,-,-,-,-,75.1,201.6,10.2,26.3,-,-,-,5.7,-,-,-,12.3,-,-,100,100,-,97,-,100,11.5,-,-,-,-,-
Mongolia,1 615,1 663,3 278,63.8,72.8,68.1,57.1,63.8,60.3,45,99,15,8,0.01,437,-,0.47,  0,35,17.9,5.9,21,63.6,26.9,0.1,63,7.2,1.3,155.9,1.3,2.8,29.4,96,96,92,-,7.93,26.7,38.5,42.1,4.1,6.8,75,-,-,6.8,7.1,0.9,10.1,14.5,12,27,30,56,86,10,32.81,52,60.0,6.1,0,42.8,4.3,20.6
Montenegro, 311, 317, 628,73.2,78.7,75.9,65.2,68.7,67.0,6,99,2,1,0.04,16,-,0.67,  0,22.3,21,12.2,7.6,32.9,9.6,0.1,67,10.3,0.8,78.6,<0.1,0.6,31.4,84,76,-,-,1.64,-,27.4,53.7,0.5,2.3,53,-,-,11.3,8.1,2.2,10.2,17.2,4,16,85,45,99,45,14.67,62,19.4,2.8,0,45.1,7.6,23.3
Morocco,18 317,18 594,36 911,71.7,74.3,73.0,63.7,63.7,63.7,70,87,19,12,0.02,98,-,0.16, 3 868,24.1,7.2,0.5,17,72,22.5,0.0,73,20.5,6.4,49.1,1.9,0.7,14.5,-,-,-,-,3.76,-,7.3,13.9,1.4,2.6,73,-,-,7.1,12.9,2.6,11.3,29.9,10,-,80,39,-,36,282.48,98,28.6,1.7,0,35.3,10.2,26.1
Mozambique,15 188,16 067,31 255,54.5,61.7,58.1,47.9,52.8,50.4,289,73,71,28,3.5,368,320.2,0.59,22 969 482,30.6,13.6,2.7,30,55.5,180.0,5.5,47,1.6,0.4,110.0,27.6,3.7,14.3,79,62,65,-,8.09,-,0.8,4.8,<0.1,0.1,41,25,32,5.6,37.8,4.4,6.0,47.9,16,30,-,-,-,-,132.43,5,19.9,3.7,0,38.6,2.3,7.2
Myanmar,26 220,28 190,54 410,65.9,72.2,69.1,58.8,62.8,60.9,250,60,44,22,-,308,2.5,1.11,23 748 613,24.9,2.9,2.1,20.4,74.9,21.3,0.1,61,12.7,3.5,156.4,12.6,1.3,44.1,84,90,86,-,4.46,-,7.4,10.8,0.7,0.8,57,51,81,3.6,25.2,6.7,1.5,42.1,11,19,59,61,75,-,97.19,31,33.7,3.9,0,37.8,3.7,5.8
Namibia,1 232,1 309,2 541,60.6,68.4,64.6,53.4,58.6,56.1,195,88,40,20,2.44,460,10.0,0.36,1 094 020,22.6,9.7,3.1,34.8,80.4,63.9,4.0,62,1.5,0.3,145.0,18.3,1.9,15.1,-,-,-,-,1.72,-,5.9,19.5,0.7,2.4,58,-,-,10.7,18.4,7.1,5.0,25.2,16,27,-,-,-,-,1.40,47,20.5,18.0,0,43.8,4.9,17.2
Nauru,-,-, 11,-,-,-,-,-,-,-,-,28,18,-,180,-,0.52, 10 774,-,-,4.2,-,-,94.0,-,54,-,-,-,-,-,48.5,95,97,-,-,21.69,-,13.5,78.5,3.7,1.9,-,-,-,6.8,15.0,-,3.7,29.6,20,43,-,-,-,-,-,100,8.2,-,-,41.8,33.2,61.0
Nepal,13 348,15 788,29 137,68.9,72.7,70.9,60.6,62.1,61.3,186,77,28,17,0.03,235,<0.1,0.16,13 519 533,21.5,9,0.6,16.3,61.9,63.0,0.4,53,10.7,2.1,193.8,19.8,1.7,30.4,84,74,80,-,4.03,-,8.5,33.4,1.3,1.7,44,79,73,4.0,30.4,12.0,1.8,35.7,11,27,18,49,62,37,152.51,35,88.0,2.5,0,36.1,1.7,4.1
Netherlands,8 537,8 598,17 135,80.4,83.1,81.8,71.3,71.5,71.4,5,-,4,3,0.02,4,-,0.08,  4,10.3,11.8,9.7,4,-,2.5,0.0,86,-,-,13.7,0.2,0.1,22.2,94,89,93,63,-,-,40.8,116.4,5.6,2.2,84,2,7,16.0,1.6,-,5.0,12.8,5,21,100,97,-,100,-,100,12.0,0.6,0,30.5,7.0,20.4
New Zealand,2 370,2 452,4 822,80.4,83.5,82.0,69.6,70.8,70.2,9,96,5,3,0.02,8,-,0.77,  3,10.3,11,10.7,9.6,-,12.6,0.0,86,-,-,7.2,0.1,0.2,13.7,92,91,92,67,-,-,36.2,117.8,6.5,7.6,85,-,-,18.7,-,-,-,10.4,4,23,100,82,-,85,-,100,6.7,1.2,0,30.9,16.3,30.8
Nicaragua,3 265,3 360,6 625,72.1,77.9,75.0,63.7,67.2,65.5,98,94,16,9,0.11,42,11.5,0.09,1 595 366,15.3,4.3,5.1,16.9,89.8,102.6,-,70,24.7,9.1,55.7,2.2,0.3,-,92,98,92,-,4.83,-,16.6,15.5,0.4,1.9,78,-,-,18.3,14.1,2.2,7.5,15.7,6,23,56,-,-,-,157.35,56,22.6,9.4,0,35.8,10.8,23.7
Niger,12 170,12 036,24 207,62.1,64.6,63.3,55.3,55.8,55.5,509,44,78,24,0.05,83,324.1,3.44,10 993 882,21,5.3,0.5,25.5,45.5,154.0,4.0,37,6.5,0.9,251.8,70.8,3.3,7.4,81,60,81,-,5.43,-,0.3,2.2,<0.1,<0.1,46,-,-,9.4,46.7,9.8,1.9,49.5,13,-,-,16,23,4,201.49,2,89.4,9.6,0,41.5,1.4,5.5
Nigeria,104 470,101 670,206 140,61.2,64.1,62.6,53.9,54.9,54.4,917,43,114,35,0.42,219,313.8,2.94,136 378 141,16.9,3.5,6.2,20.7,35.6,106.0,2.0,44,15.8,4.1,307.4,68.6,3.3,3.7,57,12,57,-,2.62,-,3.8,15.0,0.2,1.2,63,75,81,3.8,35.3,6.5,2.7,55.1,13,24,22,31,33,48,131.97,15,47.1,9.2,0,36.1,1.9,8.9
Niue,-,-, 2,-,-,-,-,-,-,-,-,25,13,-,48,-,0.37,  0,-,-,9.9,-,-,-,-,55,-,-,-,-,-,-,-,-,-,-,346.13,-,-,125.0,-,-,-,-,-,4.8,-,-,-,27.3,-,-,94,-,-,-,<0.01,98,-,-,-,39.5,29.5,50.0
North Macedonia,1 042,1 041,2 083,72.8,76.9,74.8,65.1,67.3,66.1,7,100,6,4,-,12,-,0.08,  0,22.7,9.4,6.4,5.1,29.6,15.6,0.3,68,-,-,82.2,<0.1,0.5,-,84,68,30,30,1.42,-,28.7,37.9,8.8,-,66,100,86,13.6,4.1,3.4,10.0,19.3,4,13,77,12,100,9,14.77,78,33.6,1.5,0,45.1,9.3,22.4
Norway,2 740,2 681,5 421,81.1,84.1,82.6,71.0,71.6,71.4,2,99,2,1,0.01,3,-,0.02,  2,8.7,11.8,7.1,2.1,-,2.3,0.0,86,-,-,8.6,0.2,0.3,16.2,97,95,96,90,-,-,50.5,184.2,9.0,8.8,95,2,5,17.5,-,-,-,12.0,4,20,99,65,-,76,-,100,7.6,0.6,0,30.5,9.1,23.1
Oman,3 370,1 736,5 107,73.0,75.3,73.9,64.5,64.5,64.7,19,100,11,5,-,7,-,0.13,  233,21.5,4.8,0.9,10.6,39.6,7.5,0.1,69,-,-,53.9,<0.1,0.9,8.0,99,99,99,-,-,-,17.7,39.4,2.9,5.7,75,32,79,8.0,12.2,9.3,4.8,29.1,-,-,91,-,97,-,-,100,41.3,0.7,0,45.6,14.9,27.0
Pakistan,113 672,107 220,220 892,64.6,66.7,65.6,56.9,56.8,56.9,140,68,65,40,0.12,259,2.5,0.91,25 234 450,29.4,8.9,0.3,13,48.6,54.0,0.4,45,4.5,0.5,173.6,19.6,1.6,20.2,77,74,80,-,2.56,-,11.2,4.8,1.2,1.5,52,70,82,4.9,36.7,7.1,3.4,41.3,16,29,36,-,80,-,164.83,49,62.6,6.0,4,43.2,3.1,8.6
Palau,-,-, 18,-,-,-,-,-,-,-,97,17,9,-,64,-,0.03,  0,-,-,-,-,-,33.8,0.0,59,-,-,-,-,-,17.6,96,83,75,-,454.31,-,17.7,64.6,3.3,2.8,47,-,-,15.8,-,-,-,28.5,14,31,91,-,-,-,3.76,100,8.7,-,-,44.2,31.4,55.3
Panama,2 160,2 155,4 315,76.6,82.1,79.3,67.4,70.0,68.7,52,95,14,8,0.44,32,0.6,0.07, 64 414,10.7,2.9,7.8,13.9,65.2,67.8,2.6,77,6.2,0.7,25.8,1.9,<0.1,5.0,74,74,74,44,2.09,-,16.3,32.1,3.0,2.2,76,-,-,22.7,14.7,-,10.8,21.2,8,16,-,-,-,-,2.98,88,14.5,17.2,0,36.1,10.5,22.7
Papua New Guinea,4 568,4 379,8 947,63.4,67.4,65.3,56.2,58.1,57.1,145,56,44,21,0.39,441,164.3,1.36,6 982 087,36,3,2.1,12.6,49.2,68.0,1.1,33,-,-,152.0,16.3,1.4,39.3,39,27,39,-,12.44,-,0.7,4.5,<0.1,0.1,-,-,-,6.4,48.4,-,8.9,34.4,31,51,-,-,30,-,17.13,9,12.2,11.0,0,27.8,9.8,21.3
Paraguay,3 624,3 508,7 133,73.1,78.8,75.8,64.5,67.3,65.8,84,98,19,10,0.13,48,-,0.42,1 999 482,16,6,7,22,78.9,72.0,0.7,61,7.1,1.9,57.5,1.5,0.2,11.5,79,72,82,37,8.62,-,10.5,16.6,1.6,0.3,56,-,-,14.4,4.6,1.0,12.0,23.0,6,18,64,60,80,-,21.57,69,12.0,8.0,0,56.4,10.5,20.3
Peru,16 379,16 593,32 972,78.5,81.3,79.9,69.2,69.8,69.5,88,96,13,7,0.13,116,2.3,0.06, 359 011,9.7,2.8,6.8,13.6,66.6,49.7,0.8,78,8.4,1.1,63.9,1.3,0.4,8.1,72,52,74,16,0.72,69.2,13.7,29.8,1.9,1.0,38,47,72,15.4,10.8,0.4,8.0,20.6,11,38,51,53,-,-,16.86,85,33.3,9.3,0,20.7,7.8,19.7
Philippines,55 029,54 552,109 581,67.4,73.6,70.4,60.1,63.9,62.0,121,84,26,13,0.15,539,0.7,0.38,48 539 291,24.5,2.1,7,12,56,35.6,0.5,55,6.3,1.4,185.2,4.2,0.2,22.9,71,68,66,5,1.87,-,7.7,54.4,2.6,3.3,62,46,36,7.6,28.7,5.6,4.2,12.3,6,14,47,61,82,43,27.06,48,23.7,13.7,0,33.8,4.3,6.4
Poland,18 338,19 509,37 847,74.5,81.9,78.3,65.9,71.3,68.7,2,100,4,3,-,10,-,0.01,  14,17,11.3,11.9,9.4,-,9.4,0.0,74,14.1,1.3,37.9,<0.1,0.5,24.0,90,95,62,-,-,-,37.7,68.7,10.3,9.7,69,15,18,11.0,2.3,-,6.7,-,3,13,98,91,-,82,-,100,21.9,0.8,0,49.2,9.1,23.1
Portugal,4 824,5 373,10 197,78.6,84.4,81.6,69.6,72.2,71.0,8,99,3,2,0.07,16,-,0.02,  1,11,11.5,12.1,8.2,-,7.6,0.1,84,-,-,9.8,0.2,0.3,25.4,99,95,98,78,-,-,54.8,74.1,10.6,9.4,85,-,-,13.7,3.3,0.6,8.5,13.2,4,18,95,85,-,74,-,100,8.4,0.9,0,32.3,10.4,20.8
Qatar,2 165, 716,2 881,78.0,76.6,77.2,68.1,65.1,67.1,9,100,6,4,0.07,34,-,0.05,  28,10.7,5.8,1.5,7.3,68.9,7.2,0.0,74,-,-,47.4,<0.1,0.3,11.8,82,90,70,-,-,-,24.9,72.0,6.1,8.9,92,32,40,6.5,4.6,-,13.9,28.1,-,-,96,97,-,100,-,100,81.6,0.5,0,40.9,19.5,35.1
Republic of Korea,25 666,25 603,51 269,80.3,86.1,83.3,71.3,74.7,73.1,11,100,3,1,-,49,<0.1,0.09,  0,7.3,28.6,8.5,8.6,-,0.9,0.0,87,12.0,2.9,20.5,1.8,0.2,20.8,-,-,-,-,-,-,24.8,81.8,5.2,7.6,95,48,38,14.3,2.2,-,8.8,13.5,8,-,99,100,-,100,-,100,26.5,0.8,0,26.7,8.5,4.7
Republic of Moldova,1 932,2 102,4 034,69.3,77.1,73.3,61.9,67.1,64.5,19,100,14,11,0.24,74,-,0.2,  30,24.1,14.7,12.9,7.3,63.9,18.4,0.1,67,18.7,3.6,78.3,<0.1,5.5,29.0,86,93,72,40,2.92,25.0,31.0,46.8,4.1,3.0,60,56,89,12.1,4.9,1.9,4.3,26.1,9,27,74,-,-,38,25.06,96,14.1,4.1,0,48.3,4.2,18.9
Romania,9 354,9 884,19 238,72.0,79.3,75.6,64.3,69.4,66.8,19,93,7,3,0.04,64,-,0.29,  0,21,9.7,12.3,10.3,-,37.2,1.4,71,13.4,2.2,59.3,0.4,1.9,28.0,87,75,85,-,-,-,29.8,73.9,8.0,9.1,-,-,-,12.7,9.7,-,6.7,22.7,7,18,82,83,-,48,-,88,15.7,1.3,0,48.4,8.1,22.5
Russian Federation,67 640,78 294,145 934,68.2,78.0,73.2,60.7,67.5,64.2,17,100,5,2,-,46,-,0.55,  278,24.2,25.1,10.5,12,-,16.2,0.1,75,7.7,0.9,49.4,0.1,3.8,26.8,97,96,87,-,-,-,38.2,62.3,3.5,0.4,100,29,73,10.2,-,-,-,21.1,-,-,76,61,-,13,-,86,11.2,7.8,0,44.3,7.1,23.1
Rwanda,6 367,6 585,12 952,66.9,71.2,69.1,59.0,61.4,60.2,248,94,40,18,0.34,58,230.5,0.49,5 011 488,20.2,5.6,8,29.4,62.9,31.8,0.3,54,1.1,0.1,121.4,19.3,1.7,13.7,91,91,91,68,10.28,-,1.2,9.5,0.2,0.7,67,-,-,8.9,32.6,1.1,5.2,17.2,23,38,12,-,5,-,46.49,2,39.4,4.3,0,29.8,1.7,5.8
Saint Kitts and Nevis,-,-, 53,-,-,-,-,-,-,-,100,15,10,-,4,-,0.06,  20,-,-,6.3,-,-,-,-,72,-,-,-,-,-,-,99,99,-,-,-,-,27.7,42.2,2.3,-,63,-,-,6.6,-,-,-,15.4,-,-,-,-,-,-,-,100,9.7,-,-,45.1,12.3,22.9
Saint Lucia, 90, 93, 184,71.3,77.7,74.3,63.0,66.6,64.7,117,100,24,13,-,2,-,0.22, 1 318,17.7,7.9,9.6,29.8,72,25.3,0.9,72,6.6,1.9,30.0,0.6,0.1,-,86,71,-,74,26.32,-,6.4,31.5,1.7,4.4,59,-,-,8.2,2.8,3.7,6.9,14.3,-,-,-,-,-,-,0.36,94,22.9,20.2,0,39.8,8.8,19.7
Saint Vincent and the Grenadines, 56, 55, 111,71.3,75.3,73.2,62.9,65.1,64.0,68,99,14,9,-,7,-,0.15, 1 790,20.7,1,7.2,7.4,-,47.2,0.7,73,-,-,47.6,1.3,<0.1,-,97,99,-,12,10.65,-,9.4,70.1,1.7,-,22,-,-,9.5,-,-,-,17.0,-,-,-,-,-,-,1.80,94,23.1,29.4,0,39.3,12.4,23.7
Samoa, 103, 96, 198,69.2,71.8,70.5,61.8,62.5,62.1,43,89,17,7,-,6,-,0.34, 191 219,31.2,12.6,2.8,13,39.4,54.9,0.4,53,-,-,85.0,1.5,0.4,25.3,79,44,-,-,52.80,-,6.0,32.7,1.0,0.3,-,-,-,14.0,6.8,3.1,7.1,26.8,18,40,46,48,79,47,0.84,36,11.0,2.8,0,38.3,21.7,47.3
San Marino,-,-, 34,-,-,-,-,-,-,-,-,2,<1,-,0,-,0.13,  0,-,-,-,-,-,-,0.0,82,-,-,-,-,-,-,89,79,82,50,-,-,61.1,82.1,17.8,6.7,-,-,-,23.4,-,-,-,12.5,-,-,100,70,-,90,-,100,10.1,-,-,-,-,-
Sao Tome and Principe, 110, 109, 219,68.8,72.0,70.4,60.9,62.2,61.6,130,97,16,8,-,118,8.8,1.31, 210 238,21,1.5,5.8,27.9,57.7,86.1,0.4,60,4.8,1.1,162.4,11.4,0.7,5.7,-,-,-,-,19.08,-,4.9,21.5,0.3,1.7,35,-,-,10.8,11.8,4.1,4.0,44.2,18,27,36,35,55,-,6.51,3,38.4,5.6,0,45.1,3.5,12.4
Saudi Arabia,20 131,14 683,34 814,73.1,76.1,74.3,63.8,64.4,64.0,17,99,7,3,0.05,8,<0.1,0, 1 051,20.9,6,0,35.9,-,-,-,73,1.3,0.6,83.7,<0.1,0.8,14.3,95,96,95,-,-,-,27.4,58.2,5.6,8.6,91,100,58,11.1,3.9,-,7.6,27.5,-,-,-,59,-,80,-,100,64.0,1.9,0,34.0,17.4,35.4
Senegal,8 171,8 573,16 744,66.8,70.1,68.6,58.8,59.9,59.4,315,74,38,21,0.08,117,49.9,0.93,5 590 970,19.5,6,0.7,23.5,53.2,71.3,0.9,49,-,-,160.7,23.9,1.9,6.9,91,69,92,31,6.13,7.7,0.9,5.4,0.1,0.1,60,-,-,4.3,17.2,8.1,2.1,52.7,12,24,-,24,22,14,128.86,24,59.8,7.6,0,40.5,1.8,8.8
Serbia,4 280,4 458,8 737,73.5,78.3,75.9,65.4,68.4,66.9,12,100,6,4,0.02,13,-,0.04,  0,22,11.4,8.9,7.5,38.4,12.0,0.3,71,8.1,0.5,62.5,0.7,0.3,39.8,92,84,87,-,1.37,-,31.1,60.9,2.1,8.1,68,-,-,12.0,5.3,2.6,10.8,22.8,4,17,75,18,-,27,36.33,80,25.1,1.2,0,46.1,9.8,21.5
Seychelles, 50, 48, 98,70.0,77.1,73.3,61.9,66.4,64.0,53,100,14,8,-,11,-,0.09,  1,21.1,8.1,8.8,11.3,-,68.3,1.1,70,2.6,1.3,49.3,0.2,0.5,20.2,97,99,94,24,-,-,22.5,229.5,4.3,12.8,48,-,-,10.2,7.4,4.3,9.8,25.1,-,-,-,-,-,-,-,100,13.7,14.8,0,44.3,10.8,14.0
Sierra Leone,3 981,3 996,7 977,59.6,61.9,60.8,52.5,53.3,52.9,1120,87,108,31,0.7,298,328.2,1.98,7 617 601,23.5,6.7,5.3,33,53,102.0,3.9,39,16.4,3.0,324.1,81.3,2.8,13.5,91,67,91,-,8.53,-,0.7,7.5,<0.1,0.2,51,-,-,5.8,26.8,5.4,4.7,48.4,20,36,11,14,21,8,32.71,<1,56.0,7.9,0,40.8,2.5,8.7
Singapore,3 062,2 788,5 850,81.0,85.5,83.2,72.4,74.7,73.6,8,100,2,<1,0.01,46,-,0.13, 35 315,9.5,11.2,2,2.1,-,2.1,0.0,86,9.0,1.5,25.9,<0.1,<0.1,16.5,-,-,-,-,-,-,24.6,62.4,4.1,5.1,94,-,31,14.5,2.8,-,4.8,13.0,2,11,100,100,-,100,-,100,17.2,0.3,0,31.5,6.8,6.1
Slovakia,2 658,2 801,5 460,74.8,81.4,78.2,66.2,70.8,68.5,5,98,6,3,-,3,-,0.31,  3,15.5,12.1,11.1,6.1,-,26.9,0.3,77,2.6,<0.1,33.5,<0.1,0.5,31.5,97,98,96,-,-,-,35.6,60.5,5.2,8.2,64,-,-,12.8,-,-,-,23.5,6,18,99,82,-,80,-,100,18.3,1.1,0,42.7,8.1,20.5
Slovenia,1 035,1 044,2 079,78.6,84.1,81.3,69.0,72.5,70.7,7,100,2,1,0.01,4,-,1.12,  2,11.4,19.8,12.1,5.1,-,4.3,0.1,80,3.7,0.3,22.6,<0.1,0.2,22.0,95,91,70,59,-,-,32.8,104.6,7.3,7.3,78,-,-,14.2,-,-,-,21.8,3,18,98,72,-,67,-,100,16.8,0.9,0,45.3,9.2,20.2
Solomon Islands, 349, 338, 687,62.9,67.9,65.2,56.5,59.1,57.8,104,86,19,8,-,65,167.7,0.87, 503 483,39.2,14.7,1.7,16.5,38,78.0,-,50,-,-,137.0,6.2,2.3,36.5,94,51,93,22,28.22,-,1.9,21.6,0.7,1.2,51,-,-,10.4,29.3,8.5,4.0,37.7,28,50,-,-,-,-,21.05,9,11.8,3.9,0,29.8,4.3,22.5
Somalia,7 924,7 969,15 893,54.0,59.2,56.5,48.3,51.3,49.7,829,32,115,37,0.02,259,52.2,6.32,3 698 691,30.4,7.9,0,27.4,2.1,118.0,1.2,27,0.1,0.0,212.8,86.6,4.9,-,42,-,-,-,5.41,-,0.2,1.1,-,-,33,47,-,-,27.4,-,2.9,43.1,-,-,-,32,25,-,22.28,3,27.7,5.4,0,36.1,3.0,8.3
South Africa,29 216,30 093,59 309,62.2,68.3,65.3,54.6,57.7,56.2,119,97,32,11,4.6,554,0.8,3.1,16 502 598,24.1,23.5,9.5,22.2,79.7,43.9,1.2,67,1.0,0.1,86.7,13.7,1.7,20.3,84,76,83,-,0.81,-,7.9,49.7,1.1,2.7,68,20,28,15.3,23.2,3.4,12.9,30.5,13,24,-,-,44,61,3.96,87,29.4,35.9,0,44.1,11.3,28.3
South Sudan,5 603,5 591,11 194,60.8,64.8,62.8,52.9,54.5,53.7,1150,-,98,40,1.37,232,286.9,13.03,8 571 203,16.8,3.9,-,36.7,-,-,-,32,13.4,4.0,165.1,63.3,2.3,-,49,-,-,-,11.72,-,0.4,3.4,<0.1,0.3,54,-,-,2.1,30.6,-,5.7,35.6,27,41,-,-,-,-,25.75,0,34.6,14.3,0,34.2,-,-
Spain,22 978,23 776,46 755,80.7,85.7,83.2,71.3,72.9,72.1,4,100,3,2,0.08,7,-,0.13,  1,9.6,7.7,12.7,3.9,-,6.0,0.1,86,7.9,1.1,9.9,0.2,0.4,27.7,98,94,88,79,-,-,44.4,61.4,8.3,12.4,80,-,-,15.3,-,-,-,13.4,3,15,100,96,-,86,-,100,9.5,0.6,0,27.2,10.8,23.8
Sri Lanka,10 267,11 146,21 413,73.8,79.8,76.9,65.1,69.0,67.0,36,100,7,4,0.01,64,-,0.34, 34 498,13.2,14,2.9,19.7,74.3,21.0,0.0,67,5.4,0.9,79.8,1.2,0.4,22.0,96,96,-,51,0.86,68.3,12.3,25.0,1.1,1.0,64,53,62,9.2,16.0,15.1,1.3,34.6,4,24,-,-,-,-,132.02,32,16.8,2.3,0,35.6,4.8,5.2
Sudan,21 907,21 942,43 849,67.6,70.8,69.1,59.6,60.3,59.9,295,78,57,27,0.09,63,73.4,1.66,12 458 017,22.8,3.8,-,26.8,30.1,86.8,2.3,44,-,-,184.9,17.3,1.7,-,90,68,90,-,2.66,41.0,2.6,11.5,2.1,0.3,44,100,100,5.6,33.7,16.3,2.7,36.5,17,-,-,-,13,-,32.59,55,43.0,5.8,0,40.8,-,-
Suriname, 295, 292, 587,68.5,74.6,71.5,60.7,64.2,62.4,120,98,18,11,0.3,29,1.7,0.07,  617,22.7,25.4,7.4,15.3,57.5,55.8,2.0,67,4.9,1.4,56.7,2.0,0.3,-,51,50,-,4,7.41,-,8.2,39.3,0.6,0.4,46,-,-,15.7,8.0,5.5,4.0,21.0,8,28,56,25,72,24,0.45,94,30.2,5.8,0,42.9,13.9,26.4
Sweden,5 059,5 040,10 099,80.8,84.0,82.4,71.7,72.1,71.9,4,-,3,1,-,4,-,0.13,  18,8.4,14.7,9,3.1,86.7,3.4,0.0,87,-,-,7.2,0.2,0.2,24.0,97,95,97,82,-,-,70.9,118.5,8.2,16.2,88,5,8,18.8,-,-,-,13.6,6,21,100,95,-,95,-,100,6.0,1.1,0,30.2,6.7,20.6
Switzerland,4 294,4 361,8 655,81.8,85.1,83.4,72.2,72.8,72.5,5,-,4,3,-,5,-,0.16,  0,7.9,14.5,11.2,2.2,-,2.0,0.0,87,-,-,10.1,0.1,0.2,25.5,96,93,86,63,-,-,43.8,182.6,4.1,6.7,92,25,11,11.1,-,-,-,11.3,2,12,94,100,-,99,-,100,10.3,0.5,0,21.9,5.8,19.5
Syrian Arab Republic,8 760,8 741,17 501,71.2,74.3,72.7,62.5,63.3,62.9,31,-,22,11,0.01,19,-,0.69,2 440 286,22.1,2,0.2,14.9,-,-,-,56,-,-,75.2,3.7,0.6,-,49,53,-,-,4.04,-,12.9,15.4,7.2,10.7,58,25,0,-,29.6,-,18.2,32.8,-,-,-,-,83,-,35.57,97,35.6,2.6,0,41.1,11.5,27.8
Tajikistan,4 806,4 732,9 538,67.6,71.5,69.5,60.9,63.2,62.0,17,95,32,14,0.09,84,-,0.18,3 375 143,28.3,4.3,0.9,15.7,52.1,45.6,0.0,66,10.2,2.2,129.3,2.7,0.4,-,97,97,-,-,4.57,15.0,17.2,47.5,1.6,-,57,-,-,6.6,15.3,5.6,3.5,35.2,14,24,55,-,73,-,93.68,82,46.5,1.8,0,46.8,3.0,14.2
Thailand,33 966,35 834,69 800,74.4,81.0,77.7,65.9,70.6,68.3,37,99,9,5,0.1,150,0.2,0.27, 50 131,13.7,8.8,8.5,32.2,88.2,31.7,0.0,83,1.9,0.3,61.5,3.5,0.2,22.1,97,87,-,-,0.24,-,9.5,31.5,2.7,6.3,88,11,39,13.9,12.3,7.7,9.2,24.0,9,24,-,26,85,24,1.51,84,31.9,4.3,0,29.2,11.3,10.0
Timor-Leste, 666, 652,1 318,67.9,71.4,69.6,59.8,62.0,60.9,142,57,42,19,0.1,508,<0.1,0.72,1 361 778,19.9,3.7,0.5,11.9,45.9,41.9,0.4,53,2.6,0.6,139.8,9.9,0.4,39.2,86,78,-,-,29.44,-,7.6,17.5,<0.1,2.1,60,21,62,4.8,48.8,9.9,2.6,29.9,28,38,-,-,28,-,3.90,14,17.7,4.7,0,35.3,4.2,3.8
Togo,4 119,4 159,8 279,61.5,67.2,64.3,54.7,57.8,56.2,396,69,64,24,0.45,36,228.9,3.27,4 603 985,23.9,8.8,2.7,28.7,39.6,79.0,1.5,44,13.4,2.4,249.6,41.6,1.9,6.8,82,46,82,-,4.67,-,0.8,5.1,<0.1,0.3,57,-,-,5.4,23.8,5.7,2.4,45.7,13,25,20,9,17,15,9.97,10,46.1,8.9,0,36.0,2.0,8.4
Tonga, 53, 53, 106,69.8,75.6,72.6,62.7,65.5,64.0,52,98,11,5,-,10,-,0.89, 37 131,24.8,3.8,0.4,33,49.9,-,0.0,56,-,-,73.3,1.4,1.1,31.0,99,99,-,-,62.37,-,9.5,45.4,1.4,0.8,55,-,-,7.5,2.6,1.1,12.6,28.5,17,37,30,34,70,29,0.56,84,11.1,3.4,0,43.3,26.7,48.2
Trinidad and Tobago, 691, 709,1 399,72.5,79.9,76.1,64.0,68.6,66.2,67,100,17,11,0.07,18,-,0.19,  59,17.1,8.7,6.5,9.3,-,-,-,73,3.9,1.9,38.6,0.1,0.1,-,-,-,-,-,-,0.0,44.8,40.7,3.2,6.6,-,-,26,10.2,8.7,-,11.0,17.7,7,28,-,-,-,-,-,100,24.4,39.4,0,42.4,11.1,18.6
Tunisia,5 861,5 958,11 819,74.9,79.2,77.0,66.1,67.7,66.9,43,100,17,12,0.03,36,-,0.12, 4 902,15.7,3.3,2,16.5,62.7,6.3,0.0,70,16.7,2.4,56.1,1.0,0.7,24.6,92,92,82,-,2.65,-,13.0,25.1,3.1,2.3,66,14,31,12.6,8.6,2.1,16.5,32.1,10,25,79,81,84,60,292.57,100,32.5,3.5,0,34.7,8.5,26.9
Turkey,41 636,42 703,84 339,76.4,80.7,78.6,67.8,69.0,68.4,17,97,9,5,-,15,-,0.11,  0,15.6,2.4,1.8,6.7,60.1,14.7,0.0,79,3.2,0.4,46.6,0.3,0.4,30.7,98,93,95,-,0.35,-,19.3,30.5,3.9,4.1,-,-,-,9.5,-,1.7,-,-,12,32,-,78,-,63,66.21,95,36.9,4.8,0,32.8,11.5,32.1
Turkmenistan,2 969,3 062,6 031,66.5,73.0,69.7,59.9,64.3,62.1,7,100,42,24,-,47,-,0.07,  395,27.7,5.7,3.1,13.5,79.6,22.4,0.0,73,-,-,79.3,4.0,0.6,5.5,98,99,23,99,0.66,-,22.2,44.3,1.2,1.7,81,-,-,8.7,7.6,4.1,3.8,26.6,-,-,95,-,100,-,<0.01,100,33.3,2.8,0,39.0,4.7,18.6
Tuvalu,-,-, 12,-,-,-,-,-,-,-,100,22,10,-,296,-,0.24, 11 500,-,-,1.3,-,-,43.8,0.0,52,-,-,-,-,-,35.6,95,85,-,-,82.02,-,11.9,34.7,0.8,1.7,61,-,-,13.8,9.7,-,6.4,27.5,20,39,-,-,-,2,3.27,71,-,-,-,50.4,27.2,51.6
Uganda,22 547,23 194,45 741,63.2,70.1,66.7,56.0,60.4,58.2,375,74,43,19,0.95,196,283.8,0.96,23 171 373,21.2,4.6,12.5,29.4,55.1,127.9,1.1,50,15.3,3.8,155.7,31.6,1.7,8.4,89,-,89,30,5.21,-,1.5,16.4,<0.1,0.4,68,75,88,3.1,27.9,3.5,4.0,32.8,26,45,17,-,23,-,167.65,<1,45.7,13.9,0,32.5,1.7,5.3
Ukraine,20 263,23 471,43 734,68.0,77.8,73.0,60.6,67.8,64.3,19,100,8,5,0.21,73,-,0.25,  17,25.5,21.6,8.3,10.2,68.0,14.7,0.1,73,8.3,1.1,70.7,0.3,2.5,25.8,81,82,-,-,0.83,19.8,29.9,66.6,6.0,0.3,65,18,50,7.7,15.9,-,17.0,17.7,9,18,89,72,-,34,35.96,95,14.9,6.3,0,43.1,7.0,24.1
United Arab Emirates,6 836,3 054,9 890,75.1,78.4,76.1,65.8,66.2,66.0,3,99,7,4,0.13,1,-,0.02,  78,18.5,6.4,3.8,8.9,-,3.7,0.0,78,0.4,-,54.7,<0.1,0.4,-,90,92,84,29,-,-,26.0,57.5,6.7,12.1,96,43,54,7.4,-,-,-,24.3,-,-,-,99,-,96,-,100,42.2,0.7,0,41.4,17.3,31.7
United Kingdom,33 542,34 344,67 886,79.8,83.0,81.4,69.6,70.6,70.1,7,-,4,3,-,7,-,0.41,  0,10.3,7.9,11.4,3.2,86.5,10.9,0.0,88,2.3,0.4,13.8,0.2,0.3,15.4,93,87,91,64,-,-,30.0,88.5,5.4,8.4,93,4,10,19.7,-,-,-,11.1,4,24,100,98,-,99,-,100,10.4,1.3,0,26.4,10.2,27.8
United Republic of Tanzania,29 851,29 883,59 734,65.4,69.3,67.3,57.6,59.3,58.5,524,64,49,20,1.26,222,120.2,0.99,29 038 890,17.4,4.3,12,31.1,55.1,138.9,1.5,46,4.3,0.8,139.0,38.4,2.0,8.7,86,67,80,58,5.56,0.0,0.5,5.7,0.1,0.3,54,50,75,9.6,32.0,3.5,5.5,38.9,24,38,-,26,48,-,136.63,4,24.6,8.1,0,33.2,2.5,8.4
United States of America,163 786,167 217,331 003,76.3,80.7,78.5,65.2,67.0,66.1,19,99,6,3,-,2,-,0.01,  466,13.6,16.1,10,12.7,78.4,16.7,0.3,83,4.3,0.8,13.3,0.2,0.5,23.0,93,95,82,49,-,-,26.1,156.8,6.1,-,91,-,-,22.4,3.2,0.1,8.8,11.8,6,26,97,98,-,91,-,100,7.7,5.8,0,31.6,21.4,36.2
Uruguay,1 678,1 795,3 474,73.5,80.6,77.1,65.4,69.5,67.5,17,100,6,4,0.19,32,-,0.15,  10,16.5,21.2,6.9,14.8,-,32.6,0.7,79,2.3,0.2,17.5,0.4,0.5,21.5,92,91,94,25,-,-,49.4,72.2,14.5,-,66,-,-,20.1,6.5,1.4,10.3,15.0,4,18,-,-,-,-,-,100,10.0,8.5,0,42.4,13.8,27.9
Uzbekistan,16 697,16 772,33 469,70.8,75.2,73.0,63.5,65.8,64.7,29,100,14,8,0.08,66,-,0.16, 405 951,25.3,8,2.6,11.7,-,18.9,0.0,71,-,-,81.1,0.4,0.8,17.6,95,99,93,100,3.03,-,23.7,112.8,1.5,0.4,65,-,-,8.3,9.9,1.8,5.0,24.8,-,-,59,-,-,32,126.58,84,33.9,1.5,0,45.7,4.0,16.6
Vanuatu, 156, 151, 307,62.7,68.3,65.3,56.4,59.4,57.8,72,89,25,11,-,38,3.0,2.25, 299 059,39.7,18,2.1,14.9,50.7,81.0,-,52,-,-,135.6,10.4,0.7,17.8,78,-,-,-,33.94,-,1.7,14.2,0.3,1.2,74,-,-,5.0,28.7,4.7,4.9,28.5,29,47,-,-,-,-,6.45,8,11.1,2.3,0,39.5,8.3,25.2
Venezuela (Bolivarian Republic of),13 985,14 451,28 436,69.9,78.2,73.9,61.9,67.1,64.4,125,99,24,15,0.08,47,16.3,0.15,8 062 740,14.8,2,3.6,39,-,83.8,3.2,70,-,-,34.6,1.4,0.2,-,54,28,0,-,0.68,-,17.3,20.7,1.4,-,75,-,-,11.6,10.6,-,6.7,24.2,8,19,-,23,-,-,1.02,97,20.1,63.6,0,39.4,14.1,25.6
Viet Nam,48 598,48 740,97 339,69.6,78.1,73.7,62.4,68.3,65.3,43,96,21,10,0.06,176,<0.1,0.64,7 844 098,21.2,7.5,7.9,30.6,69.6,29.0,0.0,70,8.5,1.7,64.5,1.6,0.9,24.8,94,93,-,-,1.26,-,8.3,14.5,-,3.4,64,-,-,10.1,22.3,5.8,6.0,20.6,10,25,-,-,86,-,428.07,65,23.8,1.9,0,29.7,2.6,2.1
Yemen,15 025,14 801,29 826,64.4,68.9,66.6,56.9,58.2,57.5,164,45,60,28,0.04,49,40.6,1.76,11 632 682,27.6,5.8,<0.1,29.4,40.5,67.2,1.0,44,15.8,4.2,194.2,10.2,1.8,20.3,72,46,72,-,5.55,-,5.3,7.9,0.2,1.1,55,71,100,-,37.2,16.4,2.7,61.5,-,-,-,19,-,34,51.97,62,40.3,9.7,0,29.3,7.0,17.1
Zambia,9 103,9 281,18 384,59.5,65.4,62.5,52.5,56.3,54.4,213,80,61,24,3.64,319,186.9,1.32,12 810 245,24.6,7.3,4.5,20.5,65.9,135.0,2.9,55,-,-,127.2,34.9,2.6,14.4,84,66,85,69,8.43,16.7,1.2,10.2,0.3,1.0,56,100,100,7.0,32.3,4.2,5.7,31.5,28,41,-,-,18,-,68.86,10,29.4,6.5,0,32.3,2.9,8.1
Zimbabwe,7 092,7 771,14 863,57.5,63.6,60.7,51.2,54.8,53.1,458,86,54,26,1.74,193,98.5,2.74,8 029 929,28.4,14.1,4.5,41.2,84.8,107.9,1.1,55,11.8,7.0,133.0,24.6,3.5,11.7,86,74,86,-,10.96,-,2.0,21.4,0.2,1.1,59,-,-,8.7,23.0,2.9,3.6,28.9,18,35,30,26,42,23,18.05,30,24.6,13.1,0,42.3,4.0,15.5
,,,,,,,,,,,,,,,,,,,,,,,,,,,,,,,,,,,,,,,,,,,,,,,,,,,,,,,,,,,,,,,,
WHO region,2020,,,2019,,,2019,,,2017,,2020,2020,2020,2020,,2020,2020,2019,2019,2019,2019,,2015-2020,,2019,2017,2017,2016,2016,2019,,2020,2020,2020,2020,2020,,2020,2020,2020,2020,2021,2020,2020,2019,,,,2019,2018,2018,2020,2020,2020,2020,2020,,2016,2019,2021,2019,2016,2016
African Region,  559 296,  560 865, 1 120 161,62.4,66.6,64.5,55.0,57.1,56.0,525,65,72,27,0.82,220,232.8,2.53, 578 432 527,20.8,6.9,4.8,27.2,56.3,102.1,-,46,8.4,2.0,180.9,45.8,2.5,10.3,72,36,68,17,4.65,-,2.9,12.9,0.3,0.8,48,-,-,6.9,31.7,5.8,4.2,40.4,20,33,32,23,28,31,2352.91,20,38.8,10.0,1,35.5,2.8,10.6
Region of the Americas,  501 975,  516 146, 1 018 121,74.5,79.8,77.2,64.8,67.5,66.2,57,96,13,7,0.15,29,4.6,0.07, 61 743 281,14,9.6,7.6,15.3,82.3,49.9,-,77,7.1,1.3,29.7,1.1,0.4,16.3,81,72,76,40,0.77,-,24.5,81.6,5.8,5.1,67,-,-,14.0,8.9,0.7,8.0,15.4,7,25,81,52,-,58,1059.39,92,10.8,19.2,0,35.4,14.4,28.6
South-East Asia Region, 1 035 908,  985 479, 2 021 387,69.9,73.1,71.4,61.1,61.9,61.5,152,87,30,18,0.05,211,3.0,0.38, 938 873 025,21.6,10.1,4.3,15.8,75.1,26.1,-,61,15.2,5.4,165.8,15.4,0.3,29.0,85,78,27,2,0.72,-,7.7,20.4,1.5,6.6,64,-,-,8.0,30.1,14.5,3.3,46.6,17,33,-,46,71,29,1177.96,64,61.1,3.8,0,32.4,3.0,4.7
European Region,  452 591,  480 297,  932 888,75.1,81.3,78.2,66.6,70.0,68.3,13,98,8,4,0.18,25,0.0,0.26, 6 639 094,16.3,12.8,9.5,7.4,76.6,17.1,-,79,6.9,1.0,36.3,0.3,1.1,25.3,94,91,79,27,1.29,-,36.6,83.4,6.2,6.5,75,-,-,12.6,5.7,-,7.9,18.8,6,21,92,70,-,72,608.54,94,13.0,2.9,0,36.9,8.6,23.3
Eastern Mediterranean Region,  374 719,  351 002,  725 721,68.3,71.3,69.7,60.2,60.7,60.4,164,75,45,25,0.06,112,11.2,0.84, 75 059 501,24.5,5.8,0.5,17.8,61.3,46.5,-,57,12.6,2.5,125.0,10.6,1.1,18.6,81,76,52,<1,2.69,-,11.2,16.5,2.6,3.3,65,-,-,8.6,26.2,7.4,7.7,34.9,17,31,56,-,81,50,2048.38,74,55.7,5.3,5,37.8,8.2,20.8
Western Pacific Region,  987 323,  952 556, 1 939 879,74.8,80.8,77.7,67.0,70.2,68.6,41,98,11,5,0.06,93,2.2,0.30, 72 876 938,15.6,8.7,6.5,16.4,87.2,14.4,-,80,20.2,6.4,102.8,1.0,1.4,24.6,95,94,16,4,0.52,-,21.0,39.9,4.6,4.4,69,-,-,10.1,9.3,2.1,7.5,16.4,8,20,-,65,-,69,929.9,78,39.4,1.6,0,28.3,9.8,6.4
,,,,,,,,,,,,,,,,,,,,,,,,,,,,,,,,,,,,,,,,,,,,,,,,,,,,,,,,,,,,,,,,
Global, 3 911 812, 3 846 346, 7 758 157,70.8,75.9,73.3,62.5,64.9,63.7,211,84,37,17,0.19,127,59.0,0.94,1 733 624 366,17.8,9.2,5.8,16.7,76.7,42.5,-,67,13.2,3.8,114.1,11.7,1.1,22.3,83,70,49,12,-,-,16.4,39.5,3.3,4.7,64,36,47,10.5,22.0,6.7,5.7,29.9,13,27,74,54,71,56,8695.58,69,31.2,6.2,6,33.1,6.8,13.1
,,,,,,,,,,,,,,,,,,,,,,,,,,,,,,,,,,,,,,,,,,,,,,,,,,,,,,,,,,,,,,,,